Date,TASMAX,TAS,Precipitation,GWL
2000-01-03,4.666666736205419,3.966666725774606,2.400000095367432,1.39
2000-01-10,5.742857228432383,3.5857143391455923,2.700000047683716,1.38
2000-01-17,2.571428609745843,0.45714286395481657,6.700000047683716,1.33
2000-01-24,2.0428571732980862,-1.7428571688277381,9.199999831616879,1.4
2000-01-31,4.628571497542517,2.642857182238783,20.500000305473804,1.47
2000-02-07,9.21428585158927,6.41428580986602,8.900000050663948,1.47
2000-02-14,7.257142965282712,4.328571493072169,21.200000166893005,1.5
2000-02-21,4.714285784534046,1.685714310833386,4.000000134110451,1.48
2000-02-28,7.014285818806717,3.957142916108881,5.300000041723251,1.47
2000-03-06,7.442857253764357,4.142857204590525,11.299999915063381,1.47
2000-03-13,9.685714430042676,6.157142948891435,22.49999973922968,1.53
2000-03-20,7.585714398750237,3.957142916108881,13.700000345706941,1.5
2000-03-27,11.442857313369002,6.000000089406967,12.500000312924385,1.515
2000-04-03,9.700000144541264,6.70000009983778,11.8999999538064,1.53
2000-04-10,9.871428718524319,5.057142932500158,1.399999976158142,1.47
2000-04-17,14.271428784089428,9.042857277606215,17.700000166893005,1.47
2000-04-24,23.70000035315752,16.885714537331037,0.2000000029802322,1.43
2000-05-01,24.428571792585508,18.37142884518419,0.2000000029802322,1.28
2000-05-08,23.457143206681526,16.257143099393165,0.0,1.17
2000-05-15,24.85714322754315,17.6428574057562,2.299999952316284,1.09
2000-05-22,20.828571738941328,15.100000225007534,17.299999669194218,1.08
2000-05-29,20.557143163468158,15.071428796010357,2.099999986588955,1.04
2000-06-05,22.55714319327048,16.91428596632821,14.899999618530272,1.02
2000-06-12,23.657143209661758,18.285714558192662,15.700000382959844,0.96
2000-06-19,23.957143214132106,17.757143121744907,9.199999988079071,0.92
2000-06-26,26.057143245424545,19.357143145586765,11.600000128149986,0.905
2000-07-03,18.542857419167245,14.671428790049893,3.100000038743019,0.89
2000-07-10,21.385714604386262,16.942857395325387,9.600000098347664,0.86
2000-07-17,20.142857443009103,15.942857380424227,13.200000368058683,0.9
2000-07-24,19.314286002091,15.957143094922815,7.900000035762787,0.92
2000-07-31,21.857143182839668,17.600000262260437,30.999999955296516,1.06
2000-08-07,24.385714649089746,18.257143129195487,4.599999964237213,1.02
2000-08-14,23.757143211151874,18.14285741320678,3.799999952316284,0.98
2000-08-21,25.357143234993732,19.342857431088174,43.9000004529953,1.06
2000-08-28,21.342857460890496,16.20000024139881,0.6000000014901161,1.035
2000-09-04,19.985714583524636,14.91428593652589,31.500001087784767,1.01
2000-09-11,19.314286002091,15.12857165400471,8.90000020712614,1.15
2000-09-18,17.271428828792914,13.700000204145908,5.100000098347664,1.11
2000-09-25,15.92857166592564,10.642857301448073,1.2999999523162842,1.09
2000-10-02,21.600000321865082,16.15714309790305,7.300000101327896,1.1
2000-10-09,15.42857165847506,12.342857326780047,8.89999994635582,1.1
2000-10-16,15.77142880644117,11.914285891822406,8.400000214576721,1.15
2000-10-23,15.471428801970822,10.600000157952309,0.5000000074505806,1.14
2000-10-30,14.285714498588018,11.628571601850647,0.7000000104308128,1.13
2000-11-06,11.642857316349234,7.500000111758709,4.60000005364418,1.15
2000-11-13,11.414285884371825,7.514285826257297,2.0999999567866325,1.18
2000-11-20,8.21428583668811,5.028571503502982,13.999999716877937,1.24
2000-11-27,7.685714400240353,5.628571512443679,6.799999892711639,1.245
2000-12-04,9.328571567577976,6.328571522874491,1.7000000551342964,1.25
2000-12-11,8.671428700642926,5.900000087916851,4.900000013411045,1.25
2000-12-18,8.271428694682461,6.4285715243646075,18.199999794363976,1.3
2000-12-25,-0.15714285948446824,-1.9857143153037344,7.900000095367432,1.33
2001-01-01,0.42857143495764044,-1.2714285903743334,8.00000011920929,1.32
2001-01-08,5.900000087916851,3.371428621666772,8.300000071525574,1.33
2001-01-15,1.4142857353602136,-0.35714286246470034,0.1000000014901161,1.4
2001-01-22,-0.10000000149011605,-2.1714286037853787,0.800000011920929,1.33
2001-01-29,4.642857212041106,2.614285753241607,12.799999952316284,1.44
2001-02-05,1.0000000149011612,-1.3000000193715096,16.00000038743019,1.51
2001-02-12,9.914285862020083,6.642857241843428,3.8999999314546585,1.47
2001-02-19,6.5571429548519,2.2000000327825546,4.200000002980232,1.45
2001-02-26,3.4857143376554762,-0.04285714349576412,5.1999999433755875,1.42
2001-03-05,3.1142857606921877,-0.42857143495764044,5.399999834597111,1.41
2001-03-12,11.085714450904302,6.857142959322248,11.899999737739563,1.46
2001-03-19,7.328571537775653,3.514285766652652,17.70000024139881,1.5
2001-03-26,2.0428571732980862,-0.18571428848164423,11.300000101327896,1.49
2001-04-02,10.471428727465016,5.957142945911203,1.7999999523162842,1.48
2001-04-09,14.428571643573898,8.814285845628806,13.899999886751175,1.47
2001-04-16,8.50000012665987,4.757142928029809,10.800000190734863,1.45
2001-04-23,8.628571557147163,5.32857150797333,7.10000005364418,1.47
2001-04-30,18.042857411716664,12.285714468785695,9.3999999538064,1.43
2001-05-07,17.80000026524067,12.628571616751808,12.999999679625033,1.4
2001-05-14,22.585714622267655,15.77142880644117,0.0,1.28
2001-05-21,18.485714561172895,13.785714491137437,19.600000083446503,1.27
2001-05-28,21.77142889584814,16.12857166890587,10.299999952316284,1.22
2001-06-04,16.85714310833386,12.871428763227803,21.40000009536743,1.17
2001-06-11,17.30000025779009,12.885714477726392,20.39999971538782,1.22
2001-06-18,20.428571732980863,15.100000225007534,34.500000454485416,1.27
2001-06-25,20.68571459395545,15.285714513489179,12.400000311434269,1.35
2001-07-02,24.371428934591158,19.285714573093824,6.300000071525574,1.27
2001-07-09,26.80000039935112,21.52857174937214,4.799999862909317,1.15
2001-07-16,21.885714611836843,17.571428833263262,17.70000024139881,1.11
2001-07-23,24.900000371038914,19.000000283122063,0.400000013411045,1.11
2001-07-30,29.300000436604023,22.500000335276127,6.699999809265137,1.01
2001-08-06,24.48571465057986,18.342857416187012,14.900000274181366,1.02
2001-08-13,21.75714318134955,17.15714311280421,27.40000021457672,1.04
2001-08-20,27.38571469379323,21.628571750862257,16.40000019222498,1.06
2001-08-27,27.60000041127205,21.31428603189332,8.999999940395355,1.035
2001-09-03,20.771428880946978,16.41428595887763,5.800000071525574,1.01
2001-09-10,17.014285967818328,13.428571628672737,45.59999930858612,1.0
2001-09-17,16.00000023841858,12.000000178813934,21.29999965429306,1.23
2001-09-24,15.628571661455291,11.81428589033229,39.40000021457672,1.4
2001-10-01,15.228571655494827,12.414285899272986,13.700000286102295,1.42
2001-10-08,19.114285999110766,14.071428781109196,8.300000190734863,1.42
2001-10-15,18.94285742512771,14.085714495607785,3.3999998569488525,1.38
2001-10-22,14.800000220537186,11.928571606320995,3.00000011920929,1.36
2001-10-29,12.471428757267338,9.72857157353844,4.5999999567866325,1.33
2001-11-05,12.785714476236276,10.200000151991844,3.3999999538064003,1.32
2001-11-12,6.84285724482366,4.428571494562285,12.999999798834324,1.34
2001-11-19,7.028571533305304,3.1142857606921877,0.2000000029802322,1.35
2001-11-26,5.4000000804662704,2.642857182238783,14.100000143051147,1.385
2001-12-03,2.9285714722105434,1.7285714543291502,3.9000000953674316,1.42
2001-12-10,3.6000000536441803,2.1571428892867908,9.799999803304672,1.43
2001-12-17,2.0571428877966746,-0.31428571896893637,3.4000000655651093,1.41
2001-12-24,1.0000000149011612,-1.3285714483686857,17.59999980032444,1.43
2001-12-31,1.8857143138136183,0.028571428997176036,15.300000049173832,1.52
2002-01-07,0.9571428714053971,-2.485714322754315,6.799999833106995,1.45
2002-01-14,0.40000000596046437,-1.1571428743856293,1.2999999821186066,1.43
2002-01-21,3.4857143376554762,1.3142857338700975,11.000000171363354,1.48
2002-01-28,11.114285879901477,7.842857259724822,22.899999856948853,1.525
2002-02-04,12.857143048729215,9.314285853079387,2.0,1.57
2002-02-11,11.328571597380298,8.585714413651399,32.10000038146973,1.53
2002-02-18,7.628571542246001,2.614285753241607,5.800000071525574,1.58
2002-02-25,4.842857215021338,1.685714310833386,38.2000013589859,1.59
2002-03-04,7.671428685741765,4.685714355536869,12.799999609589577,1.62
2002-03-11,10.228571580989021,7.071428676801069,24.90000009536743,1.61
2002-03-18,9.285714424082212,5.2428572209818025,13.700000196695328,1.59
2002-03-25,7.142857249294009,4.171428633587701,11.399999767541885,1.59
2002-04-01,12.557143044258867,5.757142942930971,0.0,1.53
2002-04-08,11.200000166893005,5.485714367457798,0.0,1.45
2002-04-15,11.985714464315347,8.71428584413869,25.499999433755875,1.53
2002-04-22,14.000000208616257,8.871428703623158,14.199999906122684,1.52
2002-04-29,14.62857164655413,10.671428730445248,14.600000143051147,1.5
2002-05-06,16.557143103863513,12.471428757267338,13.899999655783176,1.46
2002-05-13,22.314286046794482,16.700000248849392,0.400000013411045,1.35
2002-05-20,20.000000298023224,15.071428796010357,8.100000202655792,1.26
2002-05-27,21.514286034873553,16.728571677846567,15.599999859929085,1.24
2002-06-03,21.27142888839756,15.742857377443995,4.800000190734863,1.22
2002-06-10,21.600000321865082,17.614285976759025,17.400000132620335,1.16
2002-06-17,21.27142888839756,17.014285967818328,5.300000071525574,1.21
2002-06-24,25.185714661010675,19.95714315452746,8.200000055134296,1.12
2002-07-01,20.071428870516165,15.800000235438347,5.799999862909317,1.05
2002-07-08,23.157143202211177,17.900000266730785,9.899999983608723,1.02
2002-07-15,27.157143261815822,20.914286025932856,25.100000336766243,1.02
2002-07-22,21.61428603636367,17.700000263750553,21.10000041872263,1.11
2002-07-29,23.600000351667404,18.714285993150302,8.99999988079071,1.16
2002-08-05,27.028571831328527,21.68571460885661,30.90000021457672,1.28
2002-08-12,25.171428946512087,20.071428870516165,48.39999923855066,1.43
2002-08-19,25.14285751751491,20.47142887647663,9.800000011920929,1.33
2002-08-26,28.285714707204274,21.128571743411676,2.899999976158142,1.275
2002-09-02,26.357143249894893,20.0285717270204,0.0,1.22
2002-09-09,25.6285718104669,18.900000281631947,1.100000023841858,1.15
2002-09-16,21.885714611836843,15.528571659965175,16.0,1.11
2002-09-23,16.485714531370572,12.614285902253219,53.00000071525574,1.12
2002-09-30,15.585714517959527,10.714285873941012,3.699999861419201,1.37
2002-10-07,16.171428812401636,10.785714446433953,18.70000022649765,1.4
2002-10-14,8.628571557147163,4.8571429295199255,16.700000286102295,1.44
2002-10-21,10.671428730445248,7.7428572582347055,8.999999940395355,1.45
2002-10-28,12.428571613771576,8.785714416631631,34.70000031590462,1.485
2002-11-04,8.185714407690934,4.8857143585171015,8.900000154972076,1.52
2002-11-11,4.200000062584877,1.0000000149011612,19.300000227987766,1.52
2002-11-18,9.628571572048324,6.728571528834956,3.800000011920929,1.54
2002-11-25,4.957142931010042,2.7000000402331352,11.499999836087227,1.51
2002-12-02,6.900000102818012,4.8857143585171015,13.19999972730875,1.55
2002-12-09,-0.9142857279096331,-2.9571429012077197,0.5000000149011611,1.53
2002-12-16,-3.2428571911794797,-6.157142948891435,2.700000047683716,1.37
2002-12-23,-0.05714285799435207,-1.6142857383404459,0.9000000357627869,1.34
2002-12-30,2.2000000327825546,0.3285714334675244,2.6000000163912773,1.35
2003-01-06,-0.5142857219491687,-3.4714286231568883,23.199999928474426,1.38
2003-01-13,-4.000000059604645,-7.05714296230248,5.599999822676182,1.34
2003-01-20,6.27142866488014,4.057142917598997,0.7000000178813934,1.42
2003-01-27,5.428571509463446,3.442857194159712,3.600000023841858,1.47
2003-02-03,1.8714285993150301,-1.1857143033828055,9.800000004470348,1.52
2003-02-10,1.2000000178813934,-1.3428571628672736,2.2000000327825546,1.48
2003-02-17,-0.04285714349576412,-4.514285781553814,0.0,1.52
2003-02-24,3.1142857606921877,-0.5142857219491687,0.0,1.4
2003-03-03,5.585714368947914,0.2428571464759963,0.1000000014901161,1.33
2003-03-10,7.12857153479542,3.2285714766808917,6.700000166893005,1.33
2003-03-17,9.100000135600567,4.128571490091937,9.699999809265137,1.4
2003-03-24,9.6571430010455,3.285714334675244,0.2000000029802322,1.43
2003-03-31,14.62857164655413,7.671428685741765,0.3000000119209289,1.41
2003-04-07,9.07142870660339,4.528571496052401,8.100000061094761,1.42
2003-04-14,9.528571570558208,3.971428630607469,0.9999999776482582,1.37
2003-04-21,17.757143121744907,11.785714461335115,0.5,1.3
2003-04-28,19.685714579054288,13.657143060650144,2.0999999046325684,1.26
2003-05-05,21.200000315904617,15.514285945466586,5.199999965727329,1.19
2003-05-12,21.27142888839756,14.942857365523066,3.9999999180436134,1.15
2003-05-19,17.614285976759025,12.057143036808286,14.399999633431435,1.13
2003-05-26,22.02857175682272,16.728571677846567,2.100000001490116,1.09
2003-06-02,25.857143242444312,18.9571431396263,3.900000095367432,1.05
2003-06-09,28.771429000156267,22.142857472811425,8.100000143051147,1.02
2003-06-16,24.34285750559398,19.10000028461218,0.0,0.97
2003-06-23,21.98571461332696,16.9285716808268,25.00000050663948,0.97
2003-06-30,23.900000356137753,18.342857416187012,0.0,0.95
2003-07-07,20.657143164958274,16.885714537331037,8.90000006556511,0.93
2003-07-14,23.500000350177288,18.21428598569972,1.7000000476837158,0.9
2003-07-21,29.785714729556016,23.371428919689997,13.599999904632568,0.9
2003-07-28,27.128571832818643,20.857143167938506,61.600000992417336,0.955
2003-08-04,28.200000420212746,22.20000033080578,1.1000000312924385,1.01
2003-08-11,28.771429000156267,21.728571752352373,0.0,0.9
2003-08-18,27.500000409781933,20.414286018482276,3.700000047683716,0.82
2003-08-25,24.242857504103863,18.700000278651714,2.999999910593033,0.78
2003-09-01,20.271428873496397,14.742857362542834,18.69999983906746,0.85
2003-09-08,21.128571743411676,15.185714511999063,2.4999999552965164,0.85
2003-09-15,19.52857171956982,14.814285935035773,30.20000022649765,0.88
2003-09-22,26.45714325138501,17.385714544781617,0.0,0.88
2003-09-29,18.242857414696896,11.785714461335115,13.500000335276129,0.92
2003-10-06,14.48571450156825,10.114285865000316,11.499999836087227,0.94
2003-10-13,13.271428769188267,9.157142993594919,18.300000071525574,1.0
2003-10-20,10.571428728955132,4.271428635077817,0.1000000014901161,1.01
2003-10-27,6.028571518404143,1.7428571688277381,16.600000381469727,1.055
2003-11-03,9.771428717034203,5.828571515423911,2.999999977648258,1.1
2003-11-10,7.300000108778477,4.685714355536869,0.1000000014901161,1.08
2003-11-17,6.014285803905556,2.0714286022952626,10.399999618530273,1.1
2003-11-24,12.142857323799815,9.157142993594919,3.5999999567866325,1.16
2003-12-01,8.614285842648574,6.500000096857548,15.300000309944153,1.21
2003-12-08,5.25714293548039,3.1000000461935997,6.500000029802322,1.22
2003-12-15,5.742857228432383,2.357142892267023,27.300000607967377,1.34
2003-12-22,6.0428572329027315,3.185714333185128,11.300000160932541,1.35
2003-12-29,4.571428639548166,2.0285714587994983,0.1000000014901161,1.3
2004-01-05,-0.15714285948446818,-3.200000047683716,0.0,1.24
2004-01-12,3.257142905678068,0.8142857264195172,14.599999763071537,1.37
2004-01-19,4.128571490091937,2.357142892267023,37.000000298023224,1.42
2004-01-26,-2.600000038743019,-5.514285796454975,1.5000000298023224,1.39
2004-02-02,4.228571491582053,1.771428597824914,19.700000122189522,1.36
2004-02-09,10.65714301594666,8.057142977203641,19.89999981224537,1.46
2004-02-16,2.8857143287147795,0.771428582923753,6.000000104308128,1.44
2004-02-23,4.371428636567933,0.9000000134110451,0.8000000268220901,1.41
2004-03-01,2.714285754731723,-0.7428571539265769,3.600000023841858,1.38
2004-03-08,3.971428630607469,0.4428571494562284,0.5000000074505806,1.35
2004-03-15,9.014285848609038,5.32857150797333,2.400000050663948,1.34
2004-03-22,14.885714507528714,10.557143014456544,14.500000409781935,1.37
2004-03-29,8.00000011920929,4.114285775593349,0.3000000119209289,1.3
2004-04-05,15.171428797500473,8.71428584413869,5.700000047683716,1.3
2004-04-12,10.628571586949485,5.585714368947914,13.699999451637268,1.33
2004-04-19,17.65714312025479,10.87142873342548,1.4999999776482582,1.21
2004-04-26,16.34285738638469,11.257143024887357,6.100000001490116,1.19
2004-05-03,19.842857438538754,14.442857358072485,1.5,1.17
2004-05-10,19.028571712119238,13.871428778128964,21.80000029504299,1.12
2004-05-17,15.385714514979295,11.928571606320995,4.099999964237213,1.12
2004-05-24,16.37142881538187,11.542857314859118,7.700000107288361,1.11
2004-05-31,19.10000028461218,13.171428767698151,2.9000000059604645,1.06
2004-06-07,21.97142889882837,16.028571667415754,13.200000345706941,1.03
2004-06-14,21.885714611836843,16.78571453584092,12.200000084936619,1.03
2004-06-21,19.128571713609354,14.014285923114844,22.200000002980232,1.02
2004-06-28,20.10000029951334,15.542857374463763,14.100000321865082,1.08
2004-07-05,21.000000312924385,15.585714517959527,6.799999833106995,0.99
2004-07-12,21.61428603636367,16.442857387874806,46.30000150203705,1.11
2004-07-19,22.7714289107493,18.01428598271949,19.600000381469727,1.22
2004-07-26,23.714286067656108,18.38571455968278,31.30000013113022,1.17
2004-08-02,25.742857526455605,18.80000028014183,0.4000000059604645,1.12
2004-08-09,29.328571865601198,22.27142890329872,0.2000000029802322,1.04
2004-08-16,27.285714692303113,20.88571459693568,10.300000011920929,0.98
2004-08-23,23.85714321264199,18.628571706158773,4.8999998569488525,0.96
2004-08-30,21.000000312924385,16.328571671886102,26.200000166893005,1.02
2004-09-06,23.028571771723882,16.100000239908695,2.299999952316284,0.94
2004-09-13,21.98571461332696,15.34285737148353,3.799999952316284,0.9
2004-09-20,20.67142887945686,14.428571643573898,6.099999904632568,0.87
2004-09-27,15.314285942486354,11.871428748326641,14.300000071525574,0.935
2004-10-04,16.957143109823978,12.500000186264515,18.099999621510506,1.0
2004-10-11,15.685714519449643,10.08571443600314,0.3000000119209289,0.97
2004-10-18,10.928571591419834,7.257142965282712,9.200000166893005,0.95
2004-10-25,17.057143111314094,11.60000017285347,1.700000062584877,1.0
2004-11-01,11.414285884371825,9.557142999555383,6.799999989569187,1.02
2004-11-08,9.885714433022908,7.2285715362855365,8.100000023841858,1.06
2004-11-15,5.914285802415439,3.285714334675244,7.800000295042992,1.13
2004-11-22,7.157142963792596,4.300000064074993,39.90000057220459,1.26
2004-11-29,5.700000084936619,2.9714286157063077,6.100000061094761,1.33
2004-12-06,4.985714360007218,3.31428576367242,0.400000013411045,1.27
2004-12-13,4.328571493072169,2.8571428997176036,0.0,1.24
2004-12-20,3.7571429131286487,0.857142869915281,5.3000001311302185,1.26
2004-12-27,5.100000075995922,2.1285714602896144,20.79999953508377,1.305
2005-01-03,5.557142939950738,3.6571429116385326,13.40000019222498,1.35
2005-01-10,9.971428720014435,7.700000114738941,3.7000000178813934,1.38
2005-01-17,6.157142948891435,3.9285714871117046,2.1000000089406967,1.33
2005-01-24,4.185714348086289,2.2285714617797305,21.699999809265137,1.37
2005-01-31,0.18571428848164423,-2.1571428892867908,5.900000192224979,1.38
2005-02-07,3.0285714737006595,-0.2714285754731724,0.1000000014901161,1.35
2005-02-14,4.8571429295199255,1.4428571643573898,21.100000098347664,1.39
2005-02-21,1.0285714438983373,-0.7428571539265769,0.5000000074505805,1.38
2005-02-28,0.028571428997176036,-2.1142857457910265,22.300000369548798,1.38
2005-03-07,0.38571429146187647,-2.9428571867091313,2.7000000029802322,1.35
2005-03-14,3.9142857726131166,0.7428571539265769,14.700000144541264,1.44
2005-03-21,10.128571579498905,6.014285803905556,5.699999958276749,1.43
2005-03-28,13.000000193715096,7.685714400240353,0.0,1.38
2005-04-04,15.20000022649765,7.500000111758709,0.0,1.33
2005-04-11,13.4714287721685,8.21428583668811,8.200000017881393,1.29
2005-04-18,18.92857171062912,12.285714468785695,0.0,1.26
2005-04-25,13.54285734466144,6.98571438980954,0.6000000238418579,1.19
2005-05-02,20.31428601699216,13.671428775148732,9.5,1.18
2005-05-09,15.385714514979295,10.800000160932541,24.799999989569187,1.21
2005-05-16,14.642857361052718,9.314285853079387,35.499999433755875,1.2
2005-05-23,17.571428833263262,12.885714477726392,32.30000019073486,1.27
2005-05-30,25.414286092988082,19.400000289082527,7.100000217556953,1.25
2005-06-06,17.78571455074208,13.828571634633201,7.599999859929085,1.17
2005-06-13,16.84285739383527,11.628571601850647,3.3999999687075615,1.1
2005-06-20,24.728571797055857,18.37142884518419,9.699999809265137,1.05
2005-06-27,27.500000409781933,20.428571732980863,2.800000011920929,0.99
2005-07-04,24.828571798545973,18.785714565643243,3.200000047683716,0.93
2005-07-11,22.61428605126483,17.257143114294326,40.09999942779541,1.01
2005-07-18,27.042857545827115,20.785714595445565,16.0,0.9
2005-07-25,20.842857453439915,16.65714310535363,40.2999999076128,1.06
2005-08-01,25.08571465952056,20.057143156017577,28.799999713897705,1.25
2005-08-08,19.900000296533108,15.157143083001886,25.199999690055847,1.28
2005-08-15,18.914285996130534,14.957143080021654,17.50000039488077,1.26
2005-08-22,25.942857529435837,19.028571712119238,0.0,1.15
2005-08-29,21.857143182839668,16.385714529880456,7.80000014603138,1.08
2005-09-05,25.12857180301632,18.071428840713843,0.1000000014901161,0.99
2005-09-12,25.814286098948546,19.371428860085352,26.09999962151051,1.12
2005-09-19,17.985714553722314,12.728571618241924,20.5,1.19
2005-09-26,20.800000309944153,14.285714498588018,0.0,1.17
2005-10-03,16.07142881091152,11.95714303531817,12.600000113248825,1.15
2005-10-10,19.657143150057113,13.32857162718262,0.0,1.15
2005-10-17,16.471428816871985,9.714285859039851,0.0,1.12
2005-10-24,14.228571640593666,9.6571430010455,12.00000011920929,1.1
2005-10-31,15.857143093432699,11.000000163912773,1.600000023841858,1.16
2005-11-07,12.67142876024757,8.742857273135867,12.000000178813934,1.21
2005-11-14,10.857143018926893,7.442857253764357,0.4000000059604645,1.22
2005-11-21,4.485714352556637,2.4428571792585507,10.700000166893005,1.25
2005-11-28,2.742857183728899,0.6285714379378727,1.7000000029802322,1.24
2005-12-05,3.357142907168184,1.1142857308898653,1.2000000029802322,1.24
2005-12-12,4.228571491582053,1.8714285993150301,1.0000000298023224,1.25
2005-12-19,4.371428636567933,2.2428571762783185,28.99999985843897,1.39
2005-12-26,5.300000078976154,3.428571479661124,20.700000055134296,1.4
2006-01-02,0.2000000029802323,-2.8857143287147795,11.099999979138374,1.41
2006-01-09,-0.6000000089406967,-2.1285714602896144,0.2000000029802322,1.42
2006-01-16,0.3428571479661124,-2.642857182238783,1.100000023841858,1.36
2006-01-23,-3.057142902697836,-6.000000089406967,17.70000070333481,1.31
2006-01-30,-3.057142902697836,-7.771428687231881,0.0,1.18
2006-02-06,0.2428571464759963,-2.371428606765611,7.700000002980232,1.21
2006-02-13,2.8714286142161916,1.4285714498588018,15.299999728798866,1.25
2006-02-20,4.671428641038282,1.9142857428107942,8.799999989569187,1.32
2006-02-27,2.1714286037853787,-0.9142857279096331,1.3000000268220901,1.34
2006-03-06,2.742857183728899,-0.885714298912457,7.099999964237213,1.32
2006-03-13,0.7285714394279889,-2.3142857487712587,9.100000195205212,1.31
2006-03-20,2.2428571762783185,-0.057142857994352134,0.1000000014901161,1.35
2006-03-27,8.585714413651399,3.157142904187952,19.89999981224537,1.4
2006-04-03,14.385714500078134,9.300000138580799,18.700000077486038,1.45
2006-04-10,10.457143012966428,5.571428654449327,4.6999999061226845,1.44
2006-04-17,11.857143033828054,7.542857255254473,11.900000035762787,1.4
2006-04-24,16.37142881538187,11.142857308898654,2.2999999821186066,1.42
2006-05-01,16.100000239908695,10.742857302938189,5.5000001937150955,1.38
2006-05-08,22.957143199230945,15.685714519449643,0.0,1.31
2006-05-15,22.157143187310016,15.085714510508947,3.5999999046325684,1.21
2006-05-22,19.60000029206276,14.214285926095076,17.100000500679016,1.24
2006-05-29,16.314285957387515,12.114285894802638,8.200000047683716,1.2
2006-06-05,15.571428803460938,10.900000162422657,9.600000143051147,1.2
2006-06-12,23.585714637168817,16.71428596334798,4.699999809265137,1.08
2006-06-19,27.285714692303113,20.828571738941328,19.49999962002039,1.08
2006-06-26,27.400000408291817,21.385714604386262,4.799999952316284,1.05
2006-07-03,25.600000381469727,19.81428600954158,0.0,1.02
2006-07-10,30.642857599471295,23.371428919689997,14.900000393390657,0.98
2006-07-17,28.428571852190153,21.571428892867907,0.699999988079071,1.02
2006-07-24,32.62857191477503,25.185714661010675,0.1000000014901161,0.96
2006-07-31,30.757143315460002,24.07142893012081,6.699999988079071,0.85
2006-08-07,23.871428927140578,18.971428854124888,23.399999551475048,0.86
2006-08-14,21.671428894358023,16.62857167635645,21.699999913573265,0.89
2006-08-21,24.87142894204174,18.80000028014183,35.40000009536743,0.88
2006-08-28,20.700000308454037,16.12857166890587,23.80000001192093,0.92
2006-09-04,20.22857173000063,16.885714537331037,10.400000102818012,0.96
2006-09-11,22.61428605126483,16.471428816871985,2.0999999791383743,0.95
2006-09-18,26.30000039190054,19.10000028461218,0.699999988079071,0.91
2006-09-25,24.21428607510669,17.557143118764674,0.4000000059604645,0.9
2006-10-02,21.98571461332696,16.328571671886102,2.5999999046325684,0.88
2006-10-09,17.271428828792914,12.942857335720744,7.599999964237213,0.9
2006-10-16,15.70000023394823,10.800000160932541,0.1000000014901161,0.92
2006-10-23,17.042857396815503,11.10000016540289,1.8000000715255737,0.96
2006-10-30,16.50000024586916,12.442857328270163,16.800000049173832,1.03
2006-11-06,10.171428722994667,6.514285811356136,24.099999703466892,1.09
2006-11-13,9.828571575028556,6.84285724482366,15.299999691545963,1.16
2006-11-20,13.428571628672737,9.771428717034203,2.499999962747097,1.16
2006-11-27,10.571428728955132,7.528571540755885,4.699999965727329,1.145
2006-12-04,8.957142990614686,5.771428657429559,3.8999999314546585,1.13
2006-12-11,10.785714446433953,8.14285726419517,5.599999912083149,1.15
2006-12-18,8.342857267175402,6.41428580986602,3.9000000730156903,1.18
2006-12-25,6.485714382358959,4.8571429295199255,0.8000000193715096,1.15
2007-01-01,5.04285721800157,3.428571479661124,6.799999870359898,1.18
2007-01-08,7.914285832217762,6.500000096857548,14.200000084936619,1.23
2007-01-15,10.814285875431128,8.64285727164575,12.800000071525574,1.27
2007-01-22,9.285714424082212,6.27142866488014,36.1000000834465,1.37
2007-01-29,2.2142857472811426,-0.9714285859039852,11.499999940395355,1.38
2007-02-05,6.928571531815188,5.214285791984627,7.999999836087227,1.38
2007-02-12,1.5571428803460938,-0.6285714379378727,17.90000009536743,1.4
2007-02-19,7.014285818806717,4.257142920579229,13.800000488758087,1.4
2007-02-26,5.7857143719281465,2.385714321264199,21.200000025331974,1.39
2007-03-05,8.542857270155634,5.3714286514690945,18.600000001490116,1.39
2007-03-12,13.214285911193915,8.028571548206466,2.900000095367432,1.36
2007-03-19,12.142857323799815,7.242857250784125,8.299999952316284,1.36
2007-03-26,9.971428720014435,5.800000086426735,32.700000286102295,1.36
2007-04-02,16.442857387874806,9.385714425572328,0.0,1.36
2007-04-09,11.728571603340763,7.542857255254473,0.700000025331974,1.27
2007-04-16,20.47142887647663,13.214285911193915,0.2000000029802322,1.22
2007-04-23,16.114285954407283,9.557142999555383,0.6000000089406967,1.13
2007-04-30,22.04285747132131,13.857143063630376,0.0,1.05
2007-05-07,19.900000296533108,12.642857331250395,16.799999624490738,1.09
2007-05-14,18.114285984209605,13.314285912684031,47.69999957084656,1.23
2007-05-21,20.628571735961096,15.100000225007534,16.9000004529953,1.21
2007-05-28,26.057143245424545,19.485714576074056,40.40000009536743,1.205
2007-06-04,20.157143157507694,15.78571452093976,22.09999990463257,1.2
2007-06-11,27.72857184175934,21.085714599915914,1.4999999552965164,1.21
2007-06-18,25.64285752496549,19.642857435558522,34.90000021457672,1.15
2007-06-25,24.271428933101042,18.528571704668657,24.900000631809238,1.25
2007-07-02,20.17142887200628,15.900000236928463,10.699999906122684,1.22
2007-07-09,20.357143160487926,15.728571662945408,24.199999623000622,1.26
2007-07-16,25.442857521985257,19.585714577564172,12.799999922513962,1.3
2007-07-23,25.37142894949232,20.342857445989335,44.70000076293945,1.18
2007-07-30,21.428571747882025,17.171428827302798,18.899999856948853,1.32
2007-08-06,22.757143196250713,16.971428824322565,0.9000000357627869,1.25
2007-08-13,25.80000038444996,20.285714587994985,55.20000123977661,1.26
2007-08-20,24.314286076596805,18.828571709139005,40.700000524520874,1.3
2007-08-27,23.028571771723882,18.114285984209605,22.800000488758087,1.29
2007-09-03,18.042857411716664,14.014285923114844,24.10000019520521,1.28
2007-09-10,17.557143118764674,12.771428761737686,15.499999716877937,1.33
2007-09-17,18.242857414696896,13.728571633143085,3.900000095367432,1.32
2007-09-24,19.6714288645557,13.742857347641673,6.0,1.27
2007-10-01,16.15714309790305,12.857143048729215,32.80000042915344,1.33
2007-10-08,15.314285942486354,10.52857158545937,0.0,1.31
2007-10-15,13.1142859097038,8.385714410671167,2.300000011920929,1.28
2007-10-22,11.45714302786759,7.214285821786949,2.2000000178813934,1.25
2007-10-29,9.514285856059619,7.028571533305304,0.2000000029802322,1.22
2007-11-05,10.742857302938189,8.442857268665518,5.599999845027924,1.23
2007-11-12,7.157142963792596,4.628571497542517,26.300000242888927,1.36
2007-11-19,4.657142926539693,2.400000035762787,1.0999999940395355,1.35
2007-11-26,5.028571503502982,2.600000038743019,8.600000143051147,1.35
2007-12-03,6.085714376398495,3.9428572016102925,21.899999856948853,1.35
2007-12-10,8.85714298912457,6.571428669350488,9.899999931454659,1.42
2007-12-17,3.31428576367242,1.7857143123235022,3.0,1.41
2007-12-24,-0.800000011920929,-2.0571428877966746,0.699999988079071,1.38
2007-12-31,3.4571429086583003,1.7285714543291502,1.9999999776482582,1.36
2008-01-07,-0.028571428997176036,-1.5571428803460938,9.599999904632568,1.35
2008-01-14,6.9714286753109524,3.985714345106057,0.8999999761581421,1.37
2008-01-21,9.357142996575151,6.5857143838490755,61.40000104904175,1.47
2008-01-28,8.100000120699406,5.085714361497334,12.900000154972076,1.47
2008-02-04,6.385714380868843,3.8714286291173527,3.599999964237213,1.47
2008-02-11,9.58571442855256,5.68571437043803,2.100000001490116,1.41
2008-02-18,4.514285781553814,1.600000023841858,0.400000013411045,1.4
2008-02-25,8.971428705113274,6.9714286753109524,6.500000089406967,1.37
2008-03-03,9.928571576518673,6.528571525854724,19.600000381469727,1.37
2008-03-10,9.128571564597744,5.571428654449327,4.3999999538064,1.39
2008-03-17,9.128571564597744,5.885714373418263,23.99999976158142,1.42
2008-03-24,5.557142939950738,1.4857143078531538,16.099999643862247,1.43
2008-03-31,10.557143014456544,5.214285791984627,4.100000083446503,1.41
2008-04-07,10.628571586949485,6.785714386829308,13.100000001490116,1.4
2008-04-14,10.000000149011612,6.057142947401319,39.700000911951065,1.46
2008-04-21,10.428571583969253,7.1000001057982445,21.700000286102295,1.43
2008-04-28,18.342857416187012,11.985714464315347,0.3000000044703483,1.34
2008-05-05,18.92857171062912,13.028571622712272,5.199999816715717,1.25
2008-05-12,23.600000351667404,15.900000236928463,0.0,1.17
2008-05-19,19.571428863065584,13.442857343171324,21.299999713897705,1.18
2008-05-26,20.18571458650487,13.928571636123317,0.0,1.11
2008-06-02,26.100000388920307,19.642857435558522,0.0,1.04
2008-06-09,27.900000415742397,20.7428574519498,0.0,0.99
2008-06-16,19.700000293552876,14.385714500078134,23.099999979138374,0.97
2008-06-23,24.814286084047385,18.271428843694075,11.099999904632568,0.96
2008-06-30,23.35714320519141,17.542857404266083,7.299999870359898,0.91
2008-07-07,27.242857548807347,20.557143163468158,3.600000023841858,0.86
2008-07-14,22.428571762783186,17.12857168380703,20.299999549984932,0.9
2008-07-21,20.60000030696392,16.50000024586916,5.0,0.91
2008-07-28,28.928571859640734,21.55714317836932,0.0,0.855
2008-08-04,28.142857562218392,21.885714611836843,16.199999809265137,0.8
2008-08-11,25.12857180301632,19.38571457458394,7.100000023841858,0.78
2008-08-18,22.128571758312837,17.757143121744907,25.200000382959843,0.74
2008-08-25,22.385714619287423,17.557143118764674,8.700000144541264,0.79
2008-09-01,22.68571462375777,17.58571454776185,12.499999836087227,0.78
2008-09-08,21.68571460885661,17.14285739830562,26.59999991208315,0.88
2008-09-15,18.87142885263477,13.728571633143085,0.0,0.88
2008-09-22,15.071428796010357,11.142857308898654,6.500000178813934,0.87
2008-09-29,16.71428596334798,11.557143029357706,8.399999797344208,0.92
2008-10-06,13.242857340191092,9.542857285056796,20.600000478327274,0.98
2008-10-13,16.171428812401636,11.01428587841136,1.7000000178813934,0.99
2008-10-20,14.414285929075309,10.942857305918421,5.999999858438969,1.01
2008-10-27,13.4714287721685,9.44285728356668,10.300000190734863,1.075
2008-11-03,7.2285715362855365,5.128571504993098,34.099999226629734,1.14
2008-11-10,11.728571603340763,10.285714438983373,3.8999999538064003,1.17
2008-11-17,10.30000015348196,7.442857253764357,2.799999989569187,1.14
2008-11-24,4.714285784534046,2.471428608255727,19.0,1.22
2008-12-01,3.9142857726131166,1.9000000283122063,10.099999628961086,1.25
2008-12-08,4.400000065565109,2.9428571867091313,6.6999999806284904,1.31
2008-12-15,2.271428605275495,1.4285714498588018,5.700000107288361,1.27
2008-12-22,5.700000084936619,4.171428633587701,8.700000055134296,1.27
2008-12-29,1.7428571688277381,-0.028571428997176036,2.299999952316284,1.2
2009-01-05,-0.38571429146187647,-3.9142857726131166,6.600000023841858,1.17
2009-01-12,-2.8857143287147795,-6.885714388319424,0.0,1.15
2009-01-19,2.1000000312924385,-0.22857143197740828,6.199999809265137,1.19
2009-01-26,2.6714286112359593,0.7857142974223409,1.7999999895691872,1.21
2009-02-02,-0.17142857398305625,-1.4714285933545657,0.400000013411045,1.23
2009-02-09,3.0000000447034836,1.0285714438983373,1.9000000283122063,1.23
2009-02-16,1.700000025331974,-0.5428571509463447,20.899999901652336,1.24
2009-02-23,1.1142857308898653,-0.9285714424082211,14.699999704957008,1.3
2009-03-02,6.828571530325072,4.54285721055099,9.100000061094761,1.37
2009-03-09,7.685714400240353,4.514285781553814,4.500000014901161,1.36
2009-03-16,8.400000125169754,5.500000081956387,11.200000196695328,1.37
2009-03-23,8.442857268665518,4.957142931010042,11.20000047981739,1.32
2009-03-30,8.385714410671167,4.385714351066521,8.899999856948853,1.35
2009-04-06,17.028571682316915,9.957143005515848,0.0,1.3
2009-04-13,19.22857171509947,12.657143045748983,0.8999999761581421,1.2
2009-04-20,18.17142884220396,11.314285882881709,0.2000000029802322,1.12
2009-04-27,20.428571732980863,12.771428761737686,1.2999999523162842,1.085
2009-05-04,22.285714617797307,14.48571450156825,0.7000000029802322,1.05
2009-05-11,17.42857168827738,12.028571607811111,37.599999725818634,1.03
2009-05-18,18.342857416187012,12.485714471765927,12.50000011920929,1.1
2009-05-25,21.442857462380612,15.571428803460938,9.499999858438969,1.09
2009-06-01,21.428571747882025,15.20000022649765,24.099999763071537,1.07
2009-06-08,17.34285740128585,12.271428754287106,21.399999976158142,1.2
2009-06-15,20.300000302493572,14.800000220537186,33.19999998807907,1.09
2009-06-22,20.24285744449922,14.84285736403295,13.599999979138374,1.04
2009-06-29,22.285714617797307,17.842857408736432,9.100000143051147,1.0
2009-07-06,27.58571469677346,21.428571747882025,51.00000162422657,1.14
2009-07-13,21.77142889584814,16.700000248849392,15.100000068545341,1.12
2009-07-20,25.200000375509262,19.700000293552876,25.899999618530273,1.22
2009-07-27,24.528571794075624,18.914285996130534,13.90000019222498,1.175
2009-08-03,24.771428940551623,19.128571713609354,13.499999910593033,1.13
2009-08-10,27.028571831328527,20.285714587994985,0.6000000238418579,1.1
2009-08-17,25.171428946512087,19.128571713609354,0.6000000089406967,0.97
2009-08-24,25.057143230523383,18.58571456266301,23.399999618530277,1.01
2009-08-31,25.771428955452784,18.985714568623475,1.5999999791383743,0.87
2009-09-07,22.18571461630719,17.114285969308444,18.199999935925007,0.89
2009-09-14,21.371428889887675,15.528571659965175,4.399999961256981,0.88
2009-09-21,21.914286040834018,14.828571649534362,0.0,0.87
2009-09-28,20.057143156017577,13.90000020712614,0.800000011920929,0.87
2009-10-05,14.528571645064014,10.642857301448073,10.599999994039536,0.89
2009-10-12,13.800000205636024,10.114285865000316,49.299999475479126,1.15
2009-10-19,8.128571549696582,4.700000070035458,17.500000208616257,1.22
2009-10-26,8.871428703623158,6.785714386829308,3.299999952316284,1.21
2009-11-02,8.228571551186699,5.642857226942267,22.899999797344208,1.2
2009-11-09,7.642857256744589,4.500000067055225,23.799999952316284,1.33
2009-11-16,10.285714438983373,7.542857255254473,8.499999940395355,1.41
2009-11-23,12.757143047239099,9.957143005515848,12.200000286102295,1.42
2009-11-30,10.757143017436777,8.557142984654222,14.899999856948853,1.5
2009-12-07,5.228571506483214,3.200000047683716,14.799999818205833,1.45
2009-12-14,3.0428571881992474,1.700000025331974,9.700000025331974,1.4
2009-12-21,-4.714285784534046,-6.900000102818012,11.10000005364418,1.39
2009-12-28,3.342857192669596,1.2428571613771575,12.600000239908695,1.385
2010-01-04,-1.65714288183621,-2.7571428982274875,12.099999904632568,1.38
2010-01-11,-3.6857143406357085,-5.300000078976154,14.700000137090683,1.39
2010-01-18,-1.7428571688277381,-3.1285714751907756,4.299999952316284,1.31
2010-01-25,-6.41428580986602,-8.814285845628806,1.9000000283122063,1.35
2010-02-01,-0.9857143004025729,-5.000000074505806,12.200000301003456,1.36
2010-02-08,-0.1714285739830562,-1.9571428863065583,7.300000198185444,1.44
2010-02-15,-1.5571428803460938,-3.371428621666772,8.000000074505806,1.31
2010-02-22,3.1428571896893636,-0.1571428594844683,3.499999910593033,1.35
2010-03-01,7.171428678291185,3.9142857726131166,12.000000394880772,1.41
2010-03-08,2.3285714632698467,-0.9142857279096334,1.5999999642372131,1.45
2010-03-15,4.300000064074993,0.4857142929519926,15.600000500679018,1.47
2010-03-22,12.257143039788518,8.257142980183874,4.300000049173832,1.43
2010-03-29,14.828571649534362,9.6571430010455,11.69999996572733,1.33
2010-04-05,12.82857161973204,7.957142975713525,0.7000000029802322,1.3
2010-04-12,13.842857349131789,7.957142975713525,1.5999999642372131,1.27
2010-04-19,15.071428796010357,8.200000122189522,0.1000000014901161,1.29
2010-04-26,15.000000223517418,8.21428583668811,20.699999809265137,1.295
2010-05-03,17.95714312472514,12.985714479216508,14.799999624490738,1.3
2010-05-10,12.24285732528993,8.400000125169754,9.300000138580799,1.32
2010-05-17,12.971428764717919,9.742857288037028,19.199999429285526,1.31
2010-05-24,18.38571455968278,14.385714500078134,31.599999241530895,1.34
2010-05-31,16.442857387874806,11.900000177323818,28.499999813735485,1.4
2010-06-07,20.957143169428623,15.642857375953879,4.900000154972076,1.37
2010-06-14,23.85714321264199,18.542857419167245,0.0,1.25
2010-06-21,20.914286025932856,14.600000217556953,0.4000000059604645,1.18
2010-06-28,24.957143229033267,17.857143123235023,1.0,1.12
2010-07-05,29.957143303539073,22.928571770233766,18.600000023841858,1.1
2010-07-12,31.028571890933172,23.85714321264199,0.0,1.02
2010-07-19,28.842857572649205,22.942857484732354,11.300000287592413,0.97
2010-07-26,25.900000385940075,20.342857445989335,32.000000953674316,0.985
2010-08-02,25.84285752794572,19.685714579054288,15.699999809265137,1.0
2010-08-09,23.77142892565046,18.94285742512771,17.599999502301216,0.95
2010-08-16,24.514286079577037,19.60000029206276,79.29999828338623,0.98
2010-08-23,24.48571465057986,19.214286000600882,8.800000011920929,1.29
2010-08-30,17.985714553722314,15.100000225007534,33.80000019073486,1.26
2010-09-06,18.185714556702546,12.414285899272986,6.500000007450581,1.28
2010-09-13,19.400000289082527,14.70000021904707,22.100000262260437,1.26
2010-09-20,16.12857166890587,12.82857161973204,16.400000274181366,1.28
2010-09-27,19.000000283122063,14.34285735658237,22.799999952316284,1.35
2010-10-04,14.314285927585193,9.785714431532792,1.3999999538064003,1.42
2010-10-11,14.614285932055541,10.057143007005964,0.0,1.35
2010-10-18,10.714285873941012,5.814285800925323,7.700000286102295,1.39
2010-10-25,9.114285850099154,6.257142950381551,8.200000062584877,1.38
2010-11-01,11.557143029357706,7.428571539265769,0.5000000149011611,1.32
2010-11-08,10.228571580989021,8.228571551186699,33.90000057220459,1.4
2010-11-15,10.414285869470664,7.71428582923753,15.399999797344208,1.42
2010-11-22,6.0428572329027315,4.90000007301569,51.999999046325684,1.45
2010-11-29,0.800000011920929,-0.6285714379378727,4.099999964237213,1.45
2010-12-06,-3.6000000536441803,-5.7857143719281465,10.500000096857548,1.47
2010-12-13,0.5857142944421087,-1.4428571643573898,20.099999576807022,1.45
2010-12-20,-3.628571482641356,-6.600000098347664,21.199999809265137,1.44
2010-12-27,-3.0428571881992474,-5.04285721800157,20.49999976158142,1.5
2011-01-03,-2.0285714587994983,-4.142857204590525,0.3000000119209289,1.56
2011-01-10,3.957142916108881,0.8714285844138691,8.400000095367432,1.6
2011-01-17,7.542857255254473,5.342857222471919,12.800000190734863,1.59
2011-01-24,2.471428608255727,1.2428571613771575,2.0000000596046448,1.6
2011-01-31,0.5000000074505806,-1.9714286008051463,3.5000001117587094,1.57
2011-02-07,5.542857225452151,3.7285714841314723,33.599999122321606,1.55
2011-02-14,4.171428633587701,1.8285714558192663,4.800000101327896,1.55
2011-02-21,-1.5142857368503297,-3.428571479661124,0.0,1.48
2011-02-28,1.0857143018926894,-4.671428641038282,0.0,1.5
2011-03-07,6.000000089406967,-0.5571428654449326,0.0,1.44
2011-03-14,12.371428755777222,6.400000095367432,3.6999999284744263,1.41
2011-03-21,7.71428582923753,3.971428630607469,19.0,1.39
2011-03-28,11.442857313369002,6.000000089406967,0.3000000119209289,1.38
2011-04-04,17.100000254809856,11.142857308898654,6.100000001490116,1.37
2011-04-11,16.885714537331037,11.300000168383121,0.4000000059604645,1.34
2011-04-18,13.871428778128964,8.900000132620335,6.699999928474426,1.3
2011-04-25,21.55714317836932,14.400000214576721,0.1000000014901161,1.24
2011-05-02,19.314286002091,12.45714304276875,6.399999976158142,1.22
2011-05-09,18.271428843694075,10.971428734915596,1.100000023841858,1.2
2011-05-16,21.442857462380612,14.571428788559777,8.899999871850014,1.15
2011-05-23,23.028571771723882,16.614285961857863,19.49999964237213,1.12
2011-05-30,23.04285748622247,16.442857387874806,0.3000000044703483,1.12
2011-06-06,27.557143267776286,19.771428866045817,13.599999904632568,1.11
2011-06-13,24.028571786625044,17.71428597824914,12.499999716877937,0.98
2011-06-20,22.871428912239416,17.2857145432915,17.700000032782555,0.99
2011-06-27,22.442857477281773,16.828571679336683,18.199999928474426,0.975
2011-07-04,21.90000032633543,17.12857168380703,21.300000190734863,0.96
2011-07-11,25.885714671441487,19.742857437048638,37.59999990463257,1.06
2011-07-18,23.728571782154695,18.814285994640418,14.600000381469727,1.03
2011-07-25,19.414286003581115,15.814285949936934,77.39999842643738,1.21
2011-08-01,21.05714317091874,17.12857168380703,46.199998497962945,1.46
2011-08-08,24.457143221582687,19.60000029206276,3.700000025331974,1.38
2011-08-15,22.000000327825546,17.34285740128585,20.29999952763319,1.38
2011-08-22,24.142857502613747,18.64285742065736,0.6000000014901161,1.36
2011-08-29,23.91428607063634,18.700000278651714,26.799999475479126,1.3
2011-09-05,21.55714317836932,16.057143096412933,16.799999810755253,1.35
2011-09-12,20.457143161978042,16.64285739085504,28.300000108778477,1.41
2011-09-19,18.785714565643243,14.70000021904707,17.600000381469727,1.39
2011-09-26,20.31428601699216,13.785714491137437,0.1000000014901161,1.38
2011-10-03,23.714286067656108,15.285714513489179,0.0,1.37
2011-10-10,16.62857167635645,12.757143047239099,14.400000274181366,1.2
2011-10-17,13.128571624202388,7.500000111758709,7.800000190734863,1.25
2011-10-24,11.142857308898654,6.142857234392848,1.5000000596046448,1.22
2011-10-31,13.714285918644496,10.100000150501728,2.4000000059604645,1.24
2011-11-07,12.500000186264515,7.300000108778477,0.3000000044703483,1.22
2011-11-14,6.0428572329027315,1.9428571718079704,0.2000000029802322,1.25
2011-11-21,5.04285721800157,2.2285714617797305,0.0,1.21
2011-11-28,7.142857249294009,4.500000067055225,1.800000011920929,1.22
2011-12-05,8.742857273135867,5.32857150797333,9.000000096857548,1.24
2011-12-12,5.557142939950738,3.7714286276272366,14.300000041723251,1.26
2011-12-19,5.800000086426735,3.9428572016102925,37.59999983012676,1.39
2011-12-26,6.571428669350488,4.800000071525574,9.000000096857548,1.435
2012-01-02,8.14285726419517,6.114285805395672,11.5,1.48
2012-01-09,6.914285817316601,4.528571496052401,30.49999962002039,1.49
2012-01-16,5.457142938460622,3.7000000551342964,6.299999907612801,1.5
2012-01-23,4.257142920579229,2.585714324244431,28.100000262260437,1.51
2012-01-30,-1.3857143063630377,-4.042857203100409,0.0,1.35
2012-02-06,-6.9428572463137765,-11.328571597380298,0.8000000044703484,1.29
2012-02-13,-3.6714286261371205,-7.3571429667728285,2.2999999821186066,1.24
2012-02-20,4.800000071525574,2.271428605275495,12.900000005960464,1.22
2012-02-27,7.985714404710701,5.04285721800157,12.900000214576721,1.31
2012-03-05,8.685714415141515,5.300000078976154,3.5000000596046448,1.39
2012-03-12,8.257142980183874,4.642857212041106,4.899999909102917,1.41
2012-03-19,13.200000196695328,8.100000120699406,0.3000000119209289,1.39
2012-03-26,15.77142880644117,9.242857280586447,0.0,1.39
2012-04-02,11.728571603340763,7.671428685741765,8.000000074505806,1.39
2012-04-09,8.528571555657047,4.157142919089113,7.200000047683716,1.34
2012-04-16,13.200000196695328,8.028571548206466,10.0,1.28
2012-04-23,15.228571655494827,9.44285728356668,4.299999967217445,1.24
2012-04-30,22.757143196250713,15.571428803460938,4.800000190734863,1.32
2012-05-07,18.757143136646068,13.414285914174148,26.599999845027924,1.35
2012-05-14,19.557143148566997,14.242857355092253,3.1999999582767487,1.31
2012-05-21,20.542857448969567,14.071428781109196,0.6000000238418579,1.22
2012-05-28,25.6285718104669,18.685714564153127,0.0,1.21
2012-06-04,16.742857392345154,12.228571610791343,23.90000009536743,1.2
2012-06-11,20.514286019972392,15.300000227987766,4.399999916553497,1.09
2012-06-18,22.957143199230945,17.08571454031127,30.799999333918095,0.94
2012-06-25,20.585714592465333,16.12857166890587,29.0,0.92
2012-07-02,23.428571777684347,18.685714564153127,44.40000034868717,1.09
2012-07-09,25.08571465952056,19.771428866045817,19.799999713897705,1.18
2012-07-16,20.22857173000063,15.900000236928463,40.799999713897705,1.28
2012-07-23,20.985714598425798,15.900000236928463,11.199999868869781,1.3
2012-07-30,27.81428612875087,21.47142889137779,27.09999990463257,1.25
2012-08-06,24.985714658030442,19.30000028759241,12.199999794363976,1.25
2012-08-13,21.342857460890496,16.12857166890587,0.2000000029802322,1.2
2012-08-20,26.985714687832765,19.571428863065584,8.000000238418579,1.11
2012-08-27,22.68571462375777,17.842857408736432,26.700000017881393,1.105
2012-09-03,22.48571462077754,16.85714310833386,29.3000009059906,1.1
2012-09-10,21.500000320374966,16.385714529880456,3.299999989569187,1.09
2012-09-17,21.071428885417326,15.228571655494827,2.0,1.06
2012-09-24,17.357143115784442,11.81428589033229,5.9000000059604645,1.03
2012-10-01,19.38571457458394,13.657143060650144,12.300000429153444,1.03
2012-10-08,16.742857392345154,11.542857314859118,24.199999906122684,1.12
2012-10-15,12.32857161228146,8.057142977203641,4.600000023841858,1.15
2012-10-22,17.357143115784442,12.10000018030405,1.0999999791383743,1.13
2012-10-29,9.514285856059619,5.642857226942267,2.500000074505806,1.13
2012-11-05,8.828571560127395,6.000000089406967,13.80000002682209,1.18
2012-11-12,9.757143002535615,7.885714403220585,6.299999892711639,1.2
2012-11-19,4.485714352556637,1.9428571718079704,0.5000000149011611,1.19
2012-11-26,8.057142977203641,5.314285793474743,4.8999999538064,1.2
2012-12-03,3.8000000566244125,2.6714286112359593,29.300000369548798,1.33
2012-12-10,0.4142857204590525,-2.9142857577119554,15.90000033378601,1.32
2012-12-17,0.4000000059604644,-1.528571451348918,9.400000005960464,1.35
2012-12-24,1.700000025331974,-0.15714285948446818,7.500000074505806,1.4
2012-12-31,8.585714413651399,5.714285799435207,7.000000029802322,1.44
2013-01-07,7.71428582923753,6.085714376398495,13.699999988079071,1.44
2013-01-14,1.8000000268220901,0.28571428997176035,16.59999990463257,1.46
2013-01-21,-3.1428571896893636,-4.54285721055099,3.7000001221895222,1.43
2013-01-28,-2.1857143182839667,-5.228571506483214,4.999999970197678,1.39
2013-02-04,6.642857241843428,4.200000062584877,35.89999985694885,1.40333333333333
2013-02-11,1.9571428863065583,-0.3285714334675243,2.400000013411045,1.41666666666667
2013-02-18,1.1428571598870414,-0.04285714349576405,6.300000101327896,1.43
2013-02-25,0.21428571747882025,-1.1285714453884534,10.100000075995922,1.44
2013-03-04,5.514285796454975,1.9285714573093824,0.1000000014901161,1.43
2013-03-11,4.842857215021338,0.6571428669350488,16.00000025331974,1.42
2013-03-18,1.58571430934327,-3.514285766652652,7.000000096857548,1.39
2013-03-25,-0.0857142869915281,-3.514285766652652,5.199999928474426,1.37
2013-04-01,1.9857143153037344,-0.6571428669350488,5.699999988079071,1.38
2013-04-08,4.957142931010042,1.2142857323799814,0.2000000029802322,1.44
2013-04-15,13.600000202655792,8.900000132620335,8.300000049173832,1.43
2013-04-22,18.242857414696896,12.700000189244747,1.2000000476837158,1.36
2013-04-29,17.057143111314094,12.228571610791343,8.300000011920929,1.32
2013-05-06,18.45714313217572,12.385714470275811,0.800000011920929,1.23
2013-05-13,20.500000305473804,15.257143084492002,4.800000086426735,1.17
2013-05-20,22.442857477281773,16.9285716808268,1.2999999523162842,1.08
2013-05-27,15.457143087472234,11.085714450904302,42.700000643730164,1.17
2013-06-03,19.628571721059934,14.657143075551305,49.80000019073486,1.37
2013-06-10,22.842857483242238,16.300000242888927,0.2000000029802322,1.3
2013-06-17,23.657143209661758,17.914285981229373,2.9999999180436134,1.18
2013-06-24,26.700000397861004,21.428571747882025,21.49999976158142,1.1
2013-07-01,18.88571456713336,14.385714500078134,41.0000005364418,1.21
2013-07-08,24.900000371038914,19.17142885710512,0.9000000357627869,1.13
2013-07-15,22.942857484732354,17.685714549251966,1.0999999940395355,1.07
2013-07-22,28.157143276716983,20.60000030696392,0.0,1.0
2013-07-29,30.214286164513656,23.35714320519141,18.100000381469727,0.95
2013-08-05,28.44285756668874,22.40000033378601,24.400000408291817,0.94
2013-08-12,24.685714653560094,18.985714568623475,12.599999815225601,0.95
2013-08-19,23.77142892565046,17.914285981229373,4.099999979138374,0.9
2013-08-26,23.07142891521965,16.985714538821153,0.6000000238418579,0.85
2013-09-02,22.70000033825636,16.514285960367747,15.89999971538782,0.81
2013-09-09,22.0571431858199,17.014285967818328,2.299999952316284,0.83
2013-09-16,18.114285984209605,13.54285734466144,6.50000012665987,0.88
2013-09-23,15.985714523919992,12.32857161228146,10.300000011920929,0.92
2013-09-30,14.457143072571073,9.271428709583622,15.699999928474426,0.96
2013-10-07,14.142857353602137,9.08571442110198,0.1000000014901161,0.96
2013-10-14,14.742857362542834,11.52857160036053,15.499999798834324,1.02
2013-10-21,14.500000216066837,10.342857296977725,11.000000111758709,1.07
2013-10-28,18.700000278651714,14.228571640593666,5.999999858438969,1.08
2013-11-04,12.24285732528993,9.028571563107628,6.3999998569488525,1.13
2013-11-11,10.52857158545937,7.500000111758709,14.900000154972076,1.17
2013-11-18,6.400000095367432,4.371428636567933,1.2000000029802322,1.16
2013-11-25,5.871428658919675,3.8285714856215884,17.200000122189522,1.24
2013-12-02,6.085714376398495,3.2285714766808917,5.999999918043613,1.25
2013-12-09,4.571428639548166,2.500000037252903,19.59999980032444,1.29
2013-12-16,6.242857235882964,4.042857203100409,0.9000000059604645,1.31
2013-12-23,7.400000110268593,4.82857150052275,5.599999964237213,1.3
2013-12-30,7.928571546716349,6.4285715243646075,10.900000214576721,1.33
2014-01-06,6.657142956342016,3.7142857696328844,10.999999590218067,1.33
2014-01-13,8.42857155416693,6.128571519894259,5.400000050663948,1.37
2014-01-20,3.6714286261371205,1.7428571688277381,9.700000025331974,1.38
2014-01-27,-6.085714376398495,-8.14285726419517,2.900000035762787,1.32
2014-02-03,0.14285714498588017,-1.9714286008051463,4.1999998688697815,1.28
2014-02-10,8.314285838178225,4.057142917598997,1.3000000193715096,1.32
2014-02-17,9.385714425572328,5.285714364477566,3.8999999165534973,1.34
2014-02-24,10.257143009986196,5.557142939950738,3.1999999061226845,1.32
2014-03-03,11.200000166893005,5.142857219491686,0.0,1.3
2014-03-10,12.300000183284283,6.085714376398495,0.2000000029802322,1.26
2014-03-17,13.057143051709447,7.371428681271417,6.80000002682209,1.26
2014-03-24,13.4714287721685,9.371428711073738,9.00000000745058,1.24
2014-03-31,12.82857161973204,6.5857143838490755,2.700000047683716,1.23
2014-04-07,15.814285949936934,10.114285865000316,4.0,1.2
2014-04-14,13.25714305468968,9.042857277606215,19.999999836087227,1.23
2014-04-21,15.971428809421402,10.100000150501728,4.600000083446503,1.21
2014-04-28,20.200000301003456,14.214285926095076,14.599999815225601,1.18
2014-05-05,15.585714517959527,9.714285859039851,7.899999976158142,1.12
2014-05-12,17.571428833263262,12.528571615261692,18.099999703466892,1.12
2014-05-19,16.91428596632821,11.88571446282523,11.200000181794167,1.14
2014-05-26,26.057143245424545,19.614286006561347,10.300000011920929,1.08
2014-06-02,17.614285976759025,12.471428757267338,26.59999942779541,1.21
2014-06-09,25.442857521985257,18.88571456713336,6.4999998807907104,1.08
2014-06-16,23.214286060205527,17.2857145432915,11.499999910593033,1.07
2014-06-23,19.95714315452746,14.828571649534362,3.90000007301569,0.99
2014-06-30,20.828571738941328,15.371428800480706,10.900000095367432,0.96
2014-07-07,26.614286110869475,19.928571725530283,0.5000000074505806,0.93
2014-07-14,27.128571832818643,19.842857438538754,29.00000011920929,0.88
2014-07-21,30.285714737006597,23.34285749069282,0.0,0.82
2014-07-28,28.185714705714158,21.97142889882837,6.500000037252903,0.77
2014-08-04,27.88571470124381,21.671428894358023,62.399998366832726,0.83
2014-08-11,26.285714677401952,19.95714315452746,5.599999822676182,0.9
2014-08-18,21.842857468341077,16.985714538821153,9.899999976158142,0.86
2014-08-25,19.871428867535933,14.000000208616257,2.7000000551342964,0.82
2014-09-01,20.800000309944153,14.98571450901883,13.499999791383743,0.78
2014-09-08,23.942857499633515,17.857143123235023,3.3000000715255737,0.79
2014-09-15,20.428571732980863,16.471428816871985,12.300000287592411,0.82
2014-09-22,21.442857462380612,16.07142881091152,7.0000001192092896,0.83
2014-09-29,18.028571697218077,12.742857332740511,1.800000011920929,0.84
2014-10-06,19.01428599762065,13.671428775148732,4.100000001490116,0.86
2014-10-13,18.471428846674307,14.757143077041421,23.700000897049904,0.92
2014-10-20,17.12857168380703,13.514285915664264,10.099999912083149,0.94
2014-10-27,11.942857320819583,9.428571569068092,21.199999429285526,1.06
2014-11-03,14.285714498588018,9.528571570558208,0.2000000029802322,1.05
2014-11-10,11.542857314859118,8.371428696172577,2.3999999091029167,1.05
2014-11-17,10.214285866490432,8.528571555657047,0.4000000059604644,1.06
2014-11-24,6.614285812846252,4.8857143585171015,3.899999924004078,1.06
2014-12-01,1.5571428803460938,0.45714286395481657,0.1000000014901161,1.08
2014-12-08,2.600000038743019,0.9000000134110451,1.6000000014901161,1.08
2014-12-15,5.6571429414408545,3.17142861868654,11.600000023841858,1.13
2014-12-22,8.442857268665518,6.542857240353312,20.29999978840351,1.19
2014-12-29,3.300000049173832,1.1857143033828055,6.200000122189522,1.23
2015-01-05,4.928571502012866,2.9428571867091313,10.099999994039536,1.25
2015-01-12,6.728571528834956,4.214285777083465,27.700000047683716,1.34
2015-01-19,6.914285817316601,4.071428632097585,10.000000178813934,1.36
2015-01-26,1.2000000178813934,0.18571428848164423,7.20000009983778,1.34
2015-02-02,3.185714333185128,1.685714310833386,17.800000086426735,1.39
2015-02-09,1.757142883326326,-0.5714285799435207,1.5000000223517418,1.36
2015-02-16,5.614285797945091,1.9000000283122063,0.0,1.33
2015-02-23,7.328571537775653,2.6714286112359593,0.800000011920929,1.3
2015-03-02,8.257142980183874,3.185714333185128,6.499999761581421,1.29
2015-03-09,9.957143005515848,6.057142947401319,4.100000075995922,1.3
2015-03-16,8.28571440918105,4.7285714990326335,0.8999999910593033,1.27
2015-03-23,10.942857305918421,4.785714357026985,4.599999904632568,1.25
2015-03-30,12.014285893312522,7.685714400240353,13.100000023841858,1.25
2015-04-06,9.557142999555383,4.157142919089113,15.300000190734863,1.32
2015-04-13,15.442857372973647,9.485714427062444,1.100000023841858,1.26
2015-04-20,15.27142879899059,9.028571563107628,0.1000000014901161,1.18
2015-04-27,18.64285742065736,11.800000175833702,2.900000050663948,1.11
2015-05-04,15.900000236928463,10.200000151991844,14.599999904632568,1.13
2015-05-11,19.700000293552876,13.771428776638848,2.000000037252903,1.08
2015-05-18,17.857143123235023,11.800000175833702,6.600000001490116,1.04
2015-05-25,19.714286008051463,13.1142859097038,0.8999999761581421,0.97
2015-06-01,18.285714558192662,12.942857335720744,5.699999988079071,0.92
2015-06-08,24.428571792585508,17.742857407246316,0.0,0.86
2015-06-15,23.442857492182934,16.542857389364922,5.400000095367432,0.84
2015-06-22,18.600000277161598,13.485714486667089,17.800000227987766,0.83
2015-06-29,20.81428602444274,16.185714526900224,16.500000171363354,0.86
2015-07-06,30.100000448524952,23.400000348687172,15.300000190734863,0.8
2015-07-13,22.871428912239416,17.314285972288676,15.100000023841858,0.79
2015-07-20,24.471428936081274,19.01428599762065,21.49999998509884,0.86
2015-07-27,25.328571805996553,19.414286003581115,21.80000028759241,0.95
2015-08-03,23.928571785134928,17.485714546271733,0.3000000119209289,0.87
2015-08-10,32.05714333483151,23.728571782154695,0.0,0.78
2015-08-17,30.800000458955765,23.78571464014905,10.399999894201756,0.77
2015-08-24,26.857143257345474,19.614286006561347,6.200000122189522,0.73
2015-08-31,26.614286110869475,19.52857171956982,15.399999715387821,0.74
2015-09-07,20.428571732980863,15.171428797500473,29.699999764561653,0.81
2015-09-14,20.31428601699216,14.70000021904707,13.500000335276127,0.88
2015-09-21,20.88571459693568,15.05714308151177,10.700000241398811,0.87
2015-09-28,18.64285742065736,12.10000018030405,0.5,0.9
2015-10-05,18.742857422147477,10.728571588439602,0.1000000014901161,0.91
2015-10-12,11.614285887352057,7.757142972733293,4.500000096857548,0.95
2015-10-19,8.171428693192345,6.9428572463137765,54.90000028908253,1.09
2015-10-26,12.585714473256044,8.771428702133042,1.7000000029802322,1.12
2015-11-02,12.10000018030405,6.8142858158264845,0.0,1.08
2015-11-09,13.100000195205212,8.442857268665518,6.299999907612801,1.09
2015-11-16,13.04285733721086,10.942857305918421,25.000000670552254,1.32
2015-11-23,8.71428584413869,6.785714386829308,14.400000303983688,1.26
2015-11-30,5.700000084936619,3.1000000461935997,22.40000019222498,1.42
2015-12-07,9.80000014603138,7.885714403220585,1.0000000298023224,1.27
2015-12-14,7.285714394279888,4.457142923559461,12.399999931454659,1.3
2015-12-21,10.314285867980548,8.42857155416693,9.099999964237213,1.27
2015-12-28,12.357143041278634,9.871428718524319,0.5000000149011611,1.28
2016-01-04,-0.6000000089406967,-3.1000000461935997,0.800000011920929,1.24
2016-01-11,-0.45714286395481646,-2.9714286157063077,13.999999940395355,1.21
2016-01-18,1.4428571643573898,-0.38571429146187647,10.900000147521496,1.28
2016-01-25,1.6857143108333863,-1.3428571628672736,9.799999848008156,1.23
2016-02-01,9.714285859039851,7.1000001057982445,10.700000174343586,1.31
2016-02-08,8.628571557147163,6.071428661899907,5.099999934434891,1.31
2016-02-15,6.185714377888611,3.52857148115124,7.8999999314546585,1.31
2016-02-22,6.185714377888611,2.9285714722105434,24.09999990463257,1.32
2016-02-29,5.1142857904945105,1.7428571688277381,1.7000000178813934,1.35
2016-03-07,6.9714286753109524,2.642857182238783,5.799999944865704,1.335
2016-03-14,6.128571519894259,2.500000037252903,1.300000011920929,1.32
2016-03-21,8.685714415141515,4.742857213531222,1.300000049173832,1.28
2016-03-28,11.60000017285347,6.914285817316601,4.900000050663948,1.28
2016-04-04,14.414285929075309,8.842857274625983,9.000000387430191,1.28
2016-04-11,14.571428788559777,9.642857286546912,0.700000025331974,1.22
2016-04-18,13.585714488157205,9.028571563107628,9.500000156462193,1.22
2016-04-25,12.485714471765927,7.285714394279888,3.100000001490116,1.16
2016-05-02,14.028571637613434,8.271428694682461,7.599999785423279,1.17
2016-05-09,21.942857469831193,15.000000223517418,0.0,1.09
2016-05-16,20.18571458650487,14.014285923114844,2.300000011920929,1.0
2016-05-23,22.600000336766243,16.64285739085504,1.100000023841858,0.94
2016-05-30,22.714286052754947,17.385714544781617,18.89999971538782,0.89
2016-06-06,26.185714675911836,20.17142887200628,7.5,0.92
2016-06-13,22.257143188800132,16.514285960367747,5.400000095367432,0.84
2016-06-20,21.214286030403205,16.457143102373397,53.50000175833702,0.93
2016-06-27,28.071428989725455,21.500000320374966,19.400000393390656,0.99
2016-07-04,24.471428936081274,18.0000002682209,6.599999941885471,1.02
2016-07-11,24.685714653560094,19.328571716589586,8.0,0.95
2016-07-18,21.842857468341077,17.6428574057562,22.600000023841858,0.97
2016-07-25,28.02857184622969,21.40000031888485,0.0,0.92
2016-08-01,25.328571805996553,19.742857437048638,24.900000154972076,0.86
2016-08-08,22.657143194760597,17.914285981229373,27.600000202655792,0.89
2016-08-15,20.90000031143427,16.014285952917167,0.3000000119209289,0.87
2016-08-22,23.400000348687172,16.65714310535363,15.700000144541264,0.88
2016-08-29,28.557143282677448,21.485714605876378,0.800000011920929,0.89
2016-09-05,24.085714644619397,17.771428836243494,8.5,0.88
2016-09-12,27.342857550297463,19.557143148566997,0.0,0.87
2016-09-19,25.442857521985257,18.857143138136184,0.4000000059604645,0.86
2016-09-26,20.871428882437094,13.671428775148732,0.0,0.85
2016-10-03,19.45714314707688,14.500000216066837,14.200000047683716,0.85
2016-10-10,12.514285900763102,9.614285857549735,12.199999988079071,0.895
2016-10-17,9.014285848609038,7.314285823277065,10.3999999538064,0.94
2016-10-24,9.814285860529967,7.642857256744589,10.500000037252903,0.99
2016-10-31,11.042857307408537,8.071428691702229,1.9999999776482582,1.01
2016-11-07,8.00000011920929,5.500000081956387,17.000000275671482,1.09
2016-11-14,3.371428621666772,-0.4142857204590525,0.800000011920929,1.09
2016-11-21,10.414285869470664,7.200000107288361,15.600000143051147,1.12
2016-11-28,6.41428580986602,3.271428620176656,0.0,1.13
2016-12-05,3.857142914618765,0.9714285859039852,7.200000002980232,1.17
2016-12-12,7.485714397260121,5.271428649978978,18.299999453127384,1.32
2016-12-19,3.5857143391455923,1.757142883326326,5.199999965727329,1.22
2016-12-26,5.485714367457798,3.500000052154064,14.700000017881393,1.25
2017-01-02,4.914285787514278,2.742857183728899,1.8000000417232513,1.28
2017-01-09,0.042857143495763986,-2.2142857472811426,19.80000052601099,1.32
2017-01-16,1.8428571703178542,-0.45714286395481657,13.799999833106995,1.34
2017-01-23,0.25714286097458416,-1.6142857383404459,0.2000000029802322,1.33
2017-01-30,2.1142857457910265,-0.6571428669350488,11.40000019222498,1.28
2017-02-06,0.814285726419517,-0.4285714349576405,2.8000000715255737,1.28
2017-02-13,-1.3857143063630377,-3.5714286246470044,0.0,1.26
2017-02-20,7.628571542246001,3.185714333185128,5.300000034272671,1.22
2017-02-27,9.242857280586447,6.500000096857548,21.300000309944153,1.35
2017-03-06,10.571428728955132,6.84285724482366,9.500000149011612,1.35
2017-03-13,8.14285726419517,4.371428636567933,5.600000001490116,1.34
2017-03-20,11.171428737895829,7.000000104308128,19.800000190734863,1.31
2017-03-27,12.614285902253219,7.200000107288361,3.4999999180436134,1.35
2017-04-03,18.028571697218077,12.471428757267338,1.300000011920929,1.29
2017-04-10,14.70000021904707,9.957143005515848,2.199999988079071,1.23
2017-04-17,10.771428731935364,7.171428678291185,16.100000381469727,1.24
2017-04-24,10.642857301448073,5.928571516914027,4.800000041723251,1.22
2017-05-01,12.914285906723567,7.2285715362855365,0.8000000268220901,1.17
2017-05-08,13.300000198185444,10.057143007005964,22.299999721348286,1.21
2017-05-15,18.657143135155952,12.17142875279699,14.999999955296516,1.2
2017-05-22,23.300000347197056,17.528571689767496,0.1000000014901161,1.16
2017-05-29,24.328571791095392,17.742857407246316,5.299999952316284,1.06
2017-06-05,22.871428912239416,16.885714537331037,23.59999942779541,1.02
2017-06-12,23.8428574981434,18.30000027269125,12.199999809265137,1.0
2017-06-19,24.04285750112363,18.100000269711018,4.800000011920929,0.94
2017-06-26,23.728571782154695,18.37142884518419,41.899998486042016,1.03
2017-07-03,21.25714317389897,16.65714310535363,60.89999933540821,1.4
2017-07-10,23.085714629718236,17.842857408736432,15.199999570846558,1.19
2017-07-17,22.128571758312837,17.057143111314094,9.200000405311584,1.14
2017-07-24,26.185714675911836,19.97142886902605,35.299999572336674,1.07
2017-07-31,23.91428607063634,19.45714314707688,34.200000405311584,1.32
2017-08-07,25.385714663990907,19.900000296533108,9.899999812245369,1.22
2017-08-14,23.400000348687172,18.657143135155952,13.600000023841858,1.16
2017-08-21,23.085714629718236,18.30000027269125,31.09999990463257,1.15
2017-08-28,22.128571758312837,16.400000244379044,4.900000095367432,1.14
2017-09-04,23.028571771723882,16.814285964838096,6.300000011920929,1.1
2017-09-11,19.828571724040167,15.285714513489179,5.200000107288361,1.09
2017-09-18,17.900000266730785,12.342857326780047,10.600000150501728,1.08
2017-09-25,17.414285973778792,12.471428757267338,11.299999609589575,1.06
2017-10-02,17.600000262260437,13.657143060650144,8.700000047683716,1.08
2017-10-09,13.771428776638848,10.628571586949485,23.599999859929085,1.21
2017-10-16,17.442857402775967,13.885714492627553,0.6000000238418578,1.19
2017-10-23,15.857143093432699,12.128571609301227,7.500000014901161,1.16
2017-10-30,12.700000189244747,10.071428721504551,27.999999955296516,1.25
2017-11-06,10.757143017436777,8.228571551186699,25.80000000447035,1.34
2017-11-13,7.500000111758709,5.342857222471919,6.299999922513962,1.37
2017-11-20,7.557142969753061,5.214285791984627,3.900000013411045,1.36
2017-11-27,8.028571548206466,5.985714374908379,29.499999955296516,1.38
2017-12-04,4.442857209060874,2.3428571777684346,2.8999999538064003,1.4
2017-12-11,5.742857228432383,4.057142917598997,14.10000005364418,1.41
2017-12-18,3.6714286261371205,1.9571428863065583,11.5,1.43
2017-12-25,7.414285824767181,5.742857228432383,2.300000049173832,1.41
2018-01-01,7.857142974223409,4.285714349576405,8.099999845027924,1.39
2018-01-08,5.542857225452151,3.285714334675244,21.199999906122684,1.4
2018-01-15,1.65714288183621,0.22857143197740828,15.100000098347664,1.41
2018-01-22,2.714285754731723,1.2571428758757455,16.10000041127205,1.44
2018-01-29,8.585714413651399,6.77142867233072,15.499999836087227,1.44
2018-02-05,4.300000064074993,1.8571428848164422,7.400000035762787,1.44
2018-02-12,1.8714285993150301,-2.1714286037853787,0.5000000074505806,1.39
2018-02-19,4.300000064074993,0.6571428669350488,0.3000000044703483,1.36
2018-02-26,0.885714298912457,-2.7714286127260754,0.1000000014901161,1.34
2018-03-05,-1.2857143048729216,-6.600000098347664,0.0,1.25
2018-03-12,8.485714412161283,4.271428635077817,17.799999713897705,1.23
2018-03-19,3.6142857681427683,0.7571428684251649,3.1999999284744263,1.34
2018-03-26,5.942857231412615,2.0428571732980862,4.800000198185444,1.36
2018-04-02,6.114285805395672,2.9142857577119554,27.799999624490738,1.4
2018-04-09,18.785714565643243,11.828571604830879,3.399999976158142,1.42
2018-04-16,19.60000029206276,13.75714306214026,6.599999979138374,1.36
2018-04-23,22.871428912239416,15.814285949936934,0.0,1.29
2018-04-30,19.042857426617825,12.90000019222498,10.700000166893005,1.24
2018-05-07,18.900000281631947,12.32857161228146,0.800000011920929,1.15
2018-05-14,24.085714644619397,18.242857414696896,6.199999809265137,1.1
2018-05-21,21.514286034873553,15.071428796010357,8.49999962002039,1.06
2018-05-28,26.814286113849708,19.371428860085352,3.0,0.99
2018-06-04,29.10000043362379,22.600000336766243,11.199999816715717,0.94
