seed,split,model,rank_by_nrmse,mean_per_well_nrmse
40,future_holdout,DynamicGatedStacking,1,0.18108809079640703
40,future_holdout,TCN,2,0.18255196097830162
40,future_holdout,LSTM,3,0.18995015972979842
40,future_holdout,Transformer,4,0.19253543663375308
40,selection,Transformer,1,0.05816138336800547
40,selection,DynamicGatedStacking,2,0.05892759197560411
40,selection,TCN,3,0.06339558355922333
40,selection,LSTM,4,0.06650422926337109
40,test,DynamicGatedStacking,1,0.06987368453253827
40,test,Transformer,2,0.07068383897205038
40,test,LSTM,3,0.07823126447112609
40,test,TCN,4,0.08230880264433528
41,future_holdout,DynamicGatedStacking,1,0.16705579040780244
41,future_holdout,LSTM,2,0.17313444322500166
41,future_holdout,Transformer,3,0.17722771008758492
41,future_holdout,TCN,4,0.1875299637636491
41,selection,Transformer,1,0.059929863967583596
41,selection,DynamicGatedStacking,2,0.05995445875046044
41,selection,TCN,3,0.06518540531314225
41,selection,LSTM,4,0.06684422461277054
41,test,Transformer,1,0.06953643656594169
41,test,DynamicGatedStacking,2,0.07046255210699794
41,test,LSTM,3,0.07725542365501283
41,test,TCN,4,0.08428989591433135
42,future_holdout,LSTM,1,0.16904787261486706
42,future_holdout,DynamicGatedStacking,2,0.17722594680757137
42,future_holdout,Transformer,3,0.19204898020437858
42,future_holdout,TCN,4,0.1974682995008207
42,selection,Transformer,1,0.05984697120595806
42,selection,DynamicGatedStacking,2,0.06019908357317009
42,selection,TCN,3,0.0643919881746531
42,selection,LSTM,4,0.06695395651550287
42,test,Transformer,1,0.07060152143570898
42,test,DynamicGatedStacking,2,0.07114741974924496
42,test,LSTM,3,0.07894759605373478
42,test,TCN,4,0.08392324657384634
43,future_holdout,Transformer,1,0.15919087413408953
43,future_holdout,LSTM,2,0.17087226885329165
43,future_holdout,DynamicGatedStacking,3,0.17388259979592305
43,future_holdout,TCN,4,0.19871087893574943
43,selection,Transformer,1,0.05847410518539777
43,selection,DynamicGatedStacking,2,0.05910934864371058
43,selection,TCN,3,0.0636439094267159
43,selection,LSTM,4,0.06571564323573822
43,test,DynamicGatedStacking,1,0.07060872597792191
43,test,Transformer,2,0.07195408263335751
43,test,LSTM,3,0.07906039291146051
43,test,TCN,4,0.08039559822271841
44,future_holdout,Transformer,1,0.1465757696132644
44,future_holdout,DynamicGatedStacking,2,0.1490324815153561
44,future_holdout,LSTM,3,0.1674672766238375
44,future_holdout,TCN,4,0.1997912805991734
44,selection,DynamicGatedStacking,1,0.059653567218996076
44,selection,Transformer,2,0.06004399672969444
44,selection,TCN,3,0.06333939285160226
44,selection,LSTM,4,0.06657033466721551
44,test,DynamicGatedStacking,1,0.06907093243372679
44,test,Transformer,2,0.07103369046808358
44,test,LSTM,3,0.07662374338605787
44,test,TCN,4,0.08113246113872967
45,future_holdout,LSTM,1,0.16420951444550758
45,future_holdout,DynamicGatedStacking,2,0.16513310591776525
45,future_holdout,Transformer,3,0.20739757453043728
45,future_holdout,TCN,4,0.20824215889161257
45,selection,DynamicGatedStacking,1,0.06016208332275174
45,selection,Transformer,2,0.06038756122908371
45,selection,TCN,3,0.06393865297275744
45,selection,LSTM,4,0.06675933228535015
45,test,DynamicGatedStacking,1,0.0697950271672183
45,test,Transformer,2,0.07214845256669959
45,test,LSTM,3,0.07836150630830428
45,test,TCN,4,0.0850995257201435
46,future_holdout,DynamicGatedStacking,1,0.16480229921994946
46,future_holdout,LSTM,2,0.17332384572825793
46,future_holdout,TCN,3,0.17811986298841012
46,future_holdout,Transformer,4,0.19079170144016294
46,selection,Transformer,1,0.059431796134705915
46,selection,DynamicGatedStacking,2,0.059624799570675895
46,selection,TCN,3,0.064184794771707
46,selection,LSTM,4,0.06625833014674819
46,test,DynamicGatedStacking,1,0.07139408322650566
46,test,Transformer,2,0.07390582976586635
46,test,LSTM,3,0.07888689323099739
46,test,TCN,4,0.08382169399725328
47,future_holdout,LSTM,1,0.1701773297643095
47,future_holdout,DynamicGatedStacking,2,0.17242085598361387
47,future_holdout,Transformer,3,0.19169985522386726
47,future_holdout,TCN,4,0.21304781884943547
47,selection,DynamicGatedStacking,1,0.05981603519474474
47,selection,Transformer,2,0.06044638415682822
47,selection,TCN,3,0.06416317405609365
47,selection,LSTM,4,0.06576285791475195
47,test,DynamicGatedStacking,1,0.07197784171755188
47,test,Transformer,2,0.07286722176834667
47,test,LSTM,3,0.07912453640280297
47,test,TCN,4,0.0844302051758841
48,future_holdout,LSTM,1,0.17104089543208287
48,future_holdout,DynamicGatedStacking,2,0.17338432446642185
48,future_holdout,TCN,3,0.18385229128376326
48,future_holdout,Transformer,4,0.18795790999953496
48,selection,DynamicGatedStacking,1,0.05915503964901068
48,selection,Transformer,2,0.06055118066645681
48,selection,TCN,3,0.0632282078374493
48,selection,LSTM,4,0.06557217749258869
48,test,DynamicGatedStacking,1,0.06939691524178486
48,test,Transformer,2,0.07096154685519288
48,test,LSTM,3,0.07747221436460014
48,test,TCN,4,0.08161008709107717
49,future_holdout,LSTM,1,0.1594208729350713
49,future_holdout,DynamicGatedStacking,2,0.1636666542537563
49,future_holdout,Transformer,3,0.16446572741598503
49,future_holdout,TCN,4,0.19587694992458837
49,selection,DynamicGatedStacking,1,0.058850850445045566
49,selection,Transformer,2,0.05948048718619719
49,selection,TCN,3,0.06338117297086325
49,selection,LSTM,4,0.06642184518598077
49,test,DynamicGatedStacking,1,0.07005025872726418
49,test,Transformer,2,0.07129705062614611
49,test,LSTM,3,0.07679060598712208
49,test,TCN,4,0.0830311392740651
50,future_holdout,LSTM,1,0.15169529745510443
50,future_holdout,DynamicGatedStacking,2,0.15998814835699732
50,future_holdout,Transformer,3,0.1717902015344867
50,future_holdout,TCN,4,0.20285785410669377
50,selection,DynamicGatedStacking,1,0.05954114116519702
50,selection,Transformer,2,0.06003169270812156
50,selection,TCN,3,0.06510521626407485
50,selection,LSTM,4,0.06577647959860447
50,test,DynamicGatedStacking,1,0.07049046041726248
50,test,Transformer,2,0.0714185330070467
50,test,LSTM,3,0.07792623017149122
50,test,TCN,4,0.08616357781701364
