split,aquifer_type,well,model,RMSE,MAE,R2,NSE,n_points,actual_range,actual_abs_mean,NRMSE_range,NRMSE_range_percent,NRMSE_mean,NRMSE_mean_percent
selection,裂隙水,裂隙水1,LSTM,0.6215814887573791,0.3988563122937375,0.8408703401036572,0.8408703401036572,138,6.929039999999986,196.3614404347826,0.08970672542767545,8.970672542767545,0.0031654966849961794,0.31654966849961796
selection,裂隙水,裂隙水1,Transformer,0.5860479748036463,0.3450526891187482,0.8585440144238463,0.8585440144238463,138,6.929039999999986,196.3614404347826,0.08457852383644018,8.457852383644019,0.002984536951379159,0.29845369513791586
selection,裂隙水,裂隙水1,TCN,0.6137257199551115,0.3859723225346647,0.844867197554309,0.844867197554309,138,6.929039999999986,196.3614404347826,0.08857297980024834,8.857297980024834,0.0031254900075911177,0.3125490007591118
selection,裂隙水,裂隙水1,DynamicGatedStacking,0.5841371393351721,0.35688125250985286,0.8594649576398664,0.8594649576398664,138,6.929039999999986,196.3614404347826,0.08430275180041871,8.430275180041871,0.0029748057360028442,0.2974805736002844
test,裂隙水,裂隙水1,LSTM,0.3904468323224604,0.31493429571922826,0.8388372160150392,0.8388372160150392,71,4.359559999999988,195.74704767605635,0.0895610640345497,8.95610640345497,0.00199464991660367,0.199464991660367
test,裂隙水,裂隙水1,Transformer,0.3608733222104151,0.2796722117245015,0.8623264507002071,0.8623264507002071,71,4.359559999999988,195.74704767605635,0.08277746428777587,8.277746428777586,0.0018435696808445756,0.18435696808445756
test,裂隙水,裂隙水1,TCN,0.4563496957638704,0.3696361820771593,0.7798409796437746,0.7798409796437746,71,4.359559999999988,195.74704767605635,0.10467792524104995,10.467792524104995,0.0023313235176812878,0.23313235176812877
test,裂隙水,裂隙水1,DynamicGatedStacking,0.37799856549807526,0.29890893957747106,0.8489498166402865,0.8489498166402865,71,4.359559999999988,195.74704767605635,0.08670566880558504,8.670566880558503,0.001931056278936215,0.1931056278936215
future_holdout,裂隙水,裂隙水1,LSTM,0.5495438214492416,0.4487404399981368,0.8250875155508619,0.8250875155508619,52,4.3799999999999955,195.64932942307692,0.12546662590165347,12.546662590165347,0.002808820367898602,0.2808820367898602
future_holdout,裂隙水,裂隙水1,Transformer,0.6381835819855504,0.5059637395311278,0.7641111548484327,0.7641111548484327,52,4.3799999999999955,195.64932942307692,0.14570401415195228,14.570401415195228,0.0032618746195931317,0.32618746195931314
future_holdout,裂隙水,裂隙水1,TCN,0.5780351477353398,0.4625590170431463,0.8064805401651456,0.8064805401651456,52,4.3799999999999955,195.64932942307692,0.1319714949167444,13.19714949167444,0.002954444819411481,0.2954444819411481
future_holdout,裂隙水,裂隙水1,DynamicGatedStacking,0.5576863373157953,0.4570013958605345,0.819865806498564,0.819865806498564,52,4.3799999999999955,195.64932942307692,0.1273256477889945,12.73256477889945,0.0028504382762786816,0.2850438276278682
selection,裂隙水,裂隙水2,LSTM,0.1939557112204639,0.15654656350747423,0.9677462727930755,0.9677462727930755,138,4.639999999999986,303.8561594202898,0.04180079983199665,4.180079983199665,0.0006383142325977567,0.06383142325977567
selection,裂隙水,裂隙水2,Transformer,0.1776066473489206,0.12641909070738944,0.9729546132496459,0.9729546132496459,138,4.639999999999986,303.8561594202898,0.03827729468726748,3.8277294687267482,0.0005845089587381292,0.05845089587381292
selection,裂隙水,裂隙水2,TCN,0.18720737919378877,0.1400620996601272,0.9699516457537997,0.9699516457537997,138,4.639999999999986,303.8561594202898,0.040346417929695975,4.034641792969597,0.0006161052635923236,0.06161052635923236
selection,裂隙水,裂隙水2,DynamicGatedStacking,0.16494798452486997,0.12387954667755707,0.9766724681837546,0.9766724681837546,138,4.639999999999986,303.8561594202898,0.03554913459587725,3.554913459587725,0.0005428489086400783,0.054284890864007826
test,裂隙水,裂隙水2,LSTM,0.17712746147801045,0.12630302750206532,0.8802701665664231,0.8802701665664231,71,1.8199999999999932,303.2730985915493,0.09732278103187424,9.732278103187424,0.0005840526650752073,0.05840526650752073
test,裂隙水,裂隙水2,Transformer,0.1984619394275851,0.13175373588974557,0.8496909799375713,0.8496909799375713,71,1.8199999999999932,303.2730985915493,0.10904502166350871,10.904502166350872,0.0006544000781779701,0.06544000781779702
test,裂隙水,裂隙水2,TCN,0.22303478450892342,0.17270349334202345,0.8101652201130448,0.8101652201130448,71,1.8199999999999932,303.2730985915493,0.12254658489501333,12.254658489501333,0.0007354255472863701,0.07354255472863701
test,裂隙水,裂隙水2,DynamicGatedStacking,0.18475670935171679,0.13088418244455838,0.8697340178107953,0.8697340178107953,71,1.8199999999999932,303.2730985915493,0.10151467546797664,10.151467546797663,0.0006092090271433823,0.060920902714338226
future_holdout,裂隙水,裂隙水2,LSTM,0.6958892947118439,0.5521473071546257,0.45047491315192745,0.45047491315192745,52,2.730000000000018,302.7888461538462,0.25490450355745026,25.490450355745025,0.002298265948535847,0.2298265948535847
future_holdout,裂隙水,裂隙水2,Transformer,0.7924018287237654,0.6454675105689927,0.28747820914186706,0.28747820914186706,52,2.730000000000018,302.7888461538462,0.29025708011859347,29.025708011859347,0.002617011289514767,0.2617011289514767
future_holdout,裂隙水,裂隙水2,TCN,0.6888827680500167,0.5416000753592632,0.46148493763459986,0.46148493763459986,52,2.730000000000018,302.7888461538462,0.2523380102747297,25.233801027472968,0.0022751259724408646,0.22751259724408646
future_holdout,裂隙水,裂隙水2,DynamicGatedStacking,0.7241802299967232,0.5677621730641642,0.4048854870510705,0.4048854870510705,52,2.730000000000018,302.7888461538462,0.26526748351528145,26.526748351528145,0.0023917004843327988,0.23917004843327988
selection,裂隙水,裂隙水3,LSTM,0.09584468426295348,0.07636921274106305,0.9632874800570504,0.9632874800570504,138,1.7800000000000011,185.90217391304347,0.05384532823761428,5.384532823761428,0.0005155651612109992,0.051556516121099925
selection,裂隙水,裂隙水3,Transformer,0.07206039427195181,0.055221736680070875,0.9792474532277532,0.9792474532277532,138,1.7800000000000011,185.90217391304347,0.04048336756851222,4.0483367568512225,0.00038762534485292443,0.038762534485292446
selection,裂隙水,裂隙水3,TCN,0.09332309616007885,0.07076774551802435,0.9651938160523054,0.9651938160523054,138,1.7800000000000011,185.90217391304347,0.05242870570790943,5.242870570790943,0.0005020011019544673,0.05020011019544673
selection,裂隙水,裂隙水3,DynamicGatedStacking,0.07716883766070456,0.0594408819448913,0.9762008168595995,0.9762008168595995,138,1.7800000000000011,185.90217391304347,0.043353279584665456,4.335327958466546,0.000415104546850542,0.0415104546850542
test,裂隙水,裂隙水3,LSTM,0.10267699269508117,0.08337305972862648,0.8737633616538649,0.8737633616538649,71,1.3499999999999943,186.1540845070422,0.07605703162598637,7.605703162598637,0.000551569915680238,0.055156991568023804
test,裂隙水,裂隙水3,Transformer,0.05924188101733746,0.04341226263154791,0.9579760549718637,0.9579760549718637,71,1.3499999999999943,186.1540845070422,0.04388287482765756,4.388287482765756,0.0003182411021182635,0.03182411021182635
test,裂隙水,裂隙水3,TCN,0.08306323060203107,0.0693548759221709,0.9173854052117623,0.9173854052117623,71,1.3499999999999943,186.1540845070422,0.06152831896446771,6.152831896446771,0.0004462068657907358,0.04462068657907358
test,裂隙水,裂隙水3,DynamicGatedStacking,0.06632710178031843,0.054467591967537234,0.9473229819633807,0.9473229819633807,71,1.3499999999999943,186.1540845070422,0.049131186503939786,4.9131186503939785,0.0003563021566567307,0.035630215665673065
future_holdout,裂隙水,裂隙水3,LSTM,0.2090789408309209,0.1828610161703456,0.9106309595793846,0.9106309595793846,52,2.0,185.6351923076923,0.10453947041546045,10.453947041546046,0.0011262893540378396,0.11262893540378395
future_holdout,裂隙水,裂隙水3,Transformer,0.3114284801753806,0.2695504726678789,0.8017180575398173,0.8017180575398173,52,2.0,185.6351923076923,0.1557142400876903,15.57142400876903,0.0016776370703416223,0.16776370703416224
future_holdout,裂隙水,裂隙水3,TCN,0.326661363534901,0.2730925115360809,0.7818465662405074,0.7818465662405074,52,2.0,185.6351923076923,0.1633306817674505,16.33306817674505,0.0017596952359844372,0.17596952359844373
future_holdout,裂隙水,裂隙水3,DynamicGatedStacking,0.283288262545474,0.24055433467891546,0.8359320794443564,0.8359320794443564,52,2.0,185.6351923076923,0.141644131272737,14.1644131272737,0.001526048261775282,0.15260482617752819
selection,裂隙水,裂隙水4,LSTM,0.12206615108971855,0.0761225365188503,0.9403759413550334,0.9403759413550334,138,2.049999999999997,52.14630434782609,0.05954446394620425,5.954446394620425,0.002340839923679219,0.2340839923679219
selection,裂隙水,裂隙水4,Transformer,0.1291066977931042,0.08049972862077957,0.9332995782607318,0.9332995782607318,138,2.049999999999997,52.14630434782609,0.06297887697224605,6.297887697224605,0.0024758551810678125,0.24758551810678125
selection,裂隙水,裂隙水4,TCN,0.10855267756729559,0.07342234662917951,0.9528466976019596,0.9528466976019596,138,2.049999999999997,52.14630434782609,0.052952525642583285,5.295252564258329,0.002081694550072579,0.2081694550072579
selection,裂隙水,裂隙水4,DynamicGatedStacking,0.11867217971621583,0.07263885701004887,0.943645464781552,0.943645464781552,138,2.049999999999997,52.14630434782609,0.057888868154251705,5.788886815425171,0.002275754364578726,0.22757543645787262
test,裂隙水,裂隙水4,LSTM,0.06060019785912674,0.04675810782975006,0.9313243834083693,0.9313243834083693,71,0.9299999999999997,52.002957746478884,0.06516150307432986,6.516150307432985,0.0011653221371476698,0.11653221371476699
test,裂隙水,裂隙水4,Transformer,0.057454616564115886,0.04115209842244733,0.9382688533039863,0.9382688533039863,71,0.9299999999999997,52.002957746478884,0.06177915759582355,6.177915759582355,0.0011048336297372649,0.11048336297372649
test,裂隙水,裂隙水4,TCN,0.06715408272843548,0.052992855071993486,0.9156666551441226,0.9156666551441226,71,0.9299999999999997,52.002957746478884,0.07220869110584463,7.220869110584463,0.0012913512161331338,0.1291351216133134
test,裂隙水,裂隙水4,DynamicGatedStacking,0.05604283081171714,0.04054784369172767,0.9412653194257444,0.9412653194257444,71,0.9299999999999997,52.002957746478884,0.06026110839969587,6.026110839969586,0.00107768544791112,0.107768544791112
future_holdout,裂隙水,裂隙水4,LSTM,0.14369287276162646,0.10812927296519553,0.8758955351169263,0.8758955351169263,52,1.1199999999999974,52.21,0.12829720782288107,12.829720782288106,0.002752209782831382,0.2752209782831382
future_holdout,裂隙水,裂隙水4,Transformer,0.23448439128415585,0.17746468420166076,0.6695202687071631,0.6695202687071631,52,1.1199999999999974,52.21,0.2093610636465682,20.93610636465682,0.00449117776832323,0.449117776832323
future_holdout,裂隙水,裂隙水4,TCN,0.14529487070561423,0.13013533641134217,0.8731128867495692,0.8731128867495692,52,1.1199999999999974,52.21,0.129727563130013,12.972756313001298,0.002782893520505923,0.2782893520505923
future_holdout,裂隙水,裂隙水4,DynamicGatedStacking,0.1615408062134806,0.1172690656874499,0.8431511122189168,0.8431511122189168,52,1.1199999999999974,52.21,0.144232862690608,14.423286269060801,0.0030940587284711855,0.30940587284711857
selection,裂隙水,裂隙水5,LSTM,0.18295486447290984,0.10963127270875567,0.9262433440083223,0.9262433440083223,138,2.9699999999999704,323.411268115942,0.061600964468993824,6.160096446899383,0.0005657034324707606,0.056570343247076056
selection,裂隙水,裂隙水5,Transformer,0.20596305444963836,0.11735089851636092,0.9065257598202479,0.9065257598202479,138,2.9699999999999704,323.411268115942,0.0693478297810237,6.93478297810237,0.0006368456351242567,0.06368456351242567
selection,裂隙水,裂隙水5,TCN,0.16297375205743092,0.11160638246522168,0.9414740294631696,0.9414740294631696,138,2.9699999999999704,323.411268115942,0.054873317191054725,5.487331719105472,0.0005039210693147689,0.050392106931476895
selection,裂隙水,裂隙水5,DynamicGatedStacking,0.18824484363163682,0.11127396564089301,0.9219164636875202,0.9219164636875202,138,2.9699999999999704,323.411268115942,0.06338210223287498,6.338210223287498,0.0005820602501832175,0.05820602501832175
test,裂隙水,裂隙水5,LSTM,0.09070098669365101,0.07405505136264198,0.8632603565348571,0.8632603565348571,71,1.0400000000000205,322.4869718309859,0.08721248720543194,8.721248720543194,0.0002812547315591621,0.02812547315591621
test,裂隙水,裂隙水5,Transformer,0.09288302017482951,0.08128471901007298,0.8566020057029555,0.8566020057029555,71,1.0400000000000205,322.4869718309859,0.0893105963219497,8.93105963219497,0.0002880210001894561,0.02880210001894561
test,裂隙水,裂隙水5,TCN,0.11050521905484084,0.09101108276786923,0.7970280614222105,0.7970280614222105,71,1.0400000000000205,322.4869718309859,0.10625501832196026,10.625501832196026,0.00034266568484123496,0.034266568484123495
test,裂隙水,裂隙水5,DynamicGatedStacking,0.08545618919108541,0.06981542308760165,0.8786171125482278,0.8786171125482278,71,1.0400000000000205,322.4869718309859,0.08216941268373436,8.216941268373436,0.00026499113655937905,0.026499113655937906
future_holdout,裂隙水,裂隙水5,LSTM,0.15861134580497524,0.14838361706248493,0.6160631335240416,0.6160631335240416,52,0.8000000000000114,322.6370192307692,0.19826418225621623,19.826418225621623,0.0004916092585504795,0.04916092585504795
future_holdout,裂隙水,裂隙水5,Transformer,0.21294150737920534,0.1939692022120421,0.30799064756184014,0.30799064756184014,52,0.8000000000000114,322.6370192307692,0.2661768842240029,26.61768842240029,0.0006600033309472677,0.06600033309472676
future_holdout,裂隙水,裂隙水5,TCN,0.11087050742848079,0.08062120608265279,0.8124040810706417,0.8124040810706417,52,0.8000000000000114,322.6370192307692,0.13858813428559902,13.858813428559902,0.0003436385188928974,0.03436385188928974
future_holdout,裂隙水,裂隙水5,DynamicGatedStacking,0.08311507493775325,0.06780957728263431,0.8945732260327508,0.8945732260327508,52,0.8000000000000114,322.6370192307692,0.10389384367219008,10.389384367219009,0.00025761171218329534,0.025761171218329534
selection,岩溶水,岩溶水1,LSTM,1.1857192063231434,0.8081212173146136,0.8687974171110949,0.8687974171110949,138,16.039999999999964,461.56492753623183,0.0739226437857323,7.39226437857323,0.002568910971317393,0.2568910971317393
selection,岩溶水,岩溶水1,Transformer,1.068628330008353,0.7354866351426774,0.8934307173757279,0.8934307173757279,138,16.039999999999964,461.56492753623183,0.06662271384091992,6.662271384091992,0.0023152286195412194,0.23152286195412194
selection,岩溶水,岩溶水1,TCN,1.1405010589272706,0.7864291124086384,0.8786135917316888,0.8786135917316888,138,16.039999999999964,461.56492753623183,0.07110355728973025,7.110355728973025,0.002470943936349548,0.2470943936349548
selection,岩溶水,岩溶水1,DynamicGatedStacking,1.0750936075352142,0.7320804637828907,0.8921373130777054,0.8921373130777054,138,16.039999999999964,461.56492753623183,0.0670257860059362,6.70257860059362,0.002329235917628992,0.2329235917628992
test,岩溶水,岩溶水1,LSTM,0.7857582026456945,0.586993108190579,0.8005680030371991,0.8005680030371991,71,9.25,460.38309859154924,0.08494683271845346,8.494683271845346,0.0017067485862308279,0.1706748586230828
test,岩溶水,岩溶水1,Transformer,0.7180537710298849,0.5677152861519317,0.8334552580697141,0.8334552580697141,71,9.25,460.38309859154924,0.0776274347059335,7.7627434705933505,0.0015596875150860835,0.15596875150860834
test,岩溶水,岩溶水1,TCN,0.7625558465699127,0.5517959234164858,0.8121720140737578,0.8121720140737578,71,9.25,460.38309859154924,0.08243846989945003,8.243846989945002,0.0016563506542764082,0.16563506542764084
test,岩溶水,岩溶水1,DynamicGatedStacking,0.6713890918384436,0.5098144257779624,0.8543985992638357,0.8543985992638357,71,9.25,460.38309859154924,0.072582604523075,7.2582604523075,0.001458326975713108,0.1458326975713108
future_holdout,岩溶水,岩溶水1,LSTM,0.9789918878401371,0.7470122219607873,0.886184040301046,0.886184040301046,52,9.120000000000005,460.9194230769231,0.10734560173685709,10.73456017368571,0.0021239979025070342,0.21239979025070344
future_holdout,岩溶水,岩溶水1,Transformer,1.623468242828454,1.2715927379426721,0.6870084781453614,0.6870084781453614,52,9.120000000000005,460.9194230769231,0.17801186873119004,17.801186873119004,0.0035222387288233506,0.3522238728823351
future_holdout,岩溶水,岩溶水1,TCN,1.2176907591118276,0.884156596282818,0.8239163634270341,0.8239163634270341,52,9.120000000000005,460.9194230769231,0.13351872358682312,13.351872358682312,0.002641873390760984,0.2641873390760984
future_holdout,岩溶水,岩溶水1,DynamicGatedStacking,1.2787037377991508,0.9605917748420482,0.8058287851766565,0.8058287851766565,52,9.120000000000005,460.9194230769231,0.14020874317973137,14.020874317973137,0.002774245722306537,0.2774245722306537
selection,岩溶水,岩溶水2,LSTM,1.429907571328252,1.1441143616776304,0.9226003488983885,0.9226003488983885,138,21.97999999999996,503.30923045155646,0.065054939550876,6.5054939550876005,0.0028410120157052847,0.2841012015705285
selection,岩溶水,岩溶水2,Transformer,0.8453663148732442,0.6044719359304445,0.9729471547207708,0.9729471547207708,138,21.97999999999996,503.30923045155646,0.03846070586320499,3.846070586320499,0.0016796161558865167,0.16796161558865166
selection,岩溶水,岩溶水2,TCN,1.1053624323265596,0.8702214525283166,0.9537477917921535,0.9537477917921535,138,21.97999999999996,503.30923045155646,0.05028946461904284,5.028946461904284,0.002196189470506742,0.2196189470506742
selection,岩溶水,岩溶水2,DynamicGatedStacking,0.949910828327075,0.7163418130502177,0.9658422899066905,0.9658422899066905,138,21.97999999999996,503.30923045155646,0.043217053154098115,4.321705315409812,0.0018873304339656928,0.18873304339656927
test,岩溶水,岩溶水2,LSTM,0.8110974893816821,0.6573748840859268,0.9533188760921611,0.9533188760921611,71,12.189999999999998,499.7949295774648,0.06653794006412488,6.653794006412488,0.0016228605801731479,0.1622860580173148
test,岩溶水,岩溶水2,Transformer,0.6434516916813134,0.45204989397130707,0.9706216714458077,0.9706216714458077,71,12.189999999999998,499.7949295774648,0.052785208505439996,5.278520850544,0.0012874314115697383,0.12874314115697383
test,岩溶水,岩溶水2,TCN,0.7595284650215391,0.5942638562522409,0.9590660835514684,0.9590660835514684,71,12.189999999999998,499.7949295774648,0.06230750328314514,6.230750328314514,0.0015196802129698625,0.15196802129698625
test,岩溶水,岩溶水2,DynamicGatedStacking,0.5629412023977349,0.4223938145167357,0.977513531115612,0.977513531115612,71,12.189999999999998,499.7949295774648,0.04618057443787818,4.618057443787818,0.0011263443646250175,0.11263443646250175
future_holdout,岩溶水,岩溶水2,LSTM,1.1210283537030947,0.9058012272422229,0.9639342992267694,0.9639342992267694,52,15.870000000000005,500.9328846153846,0.07063820754272807,7.063820754272807,0.0022378813372650077,0.22378813372650078
future_holdout,岩溶水,岩溶水2,Transformer,2.2254764759781303,2.03296859470878,0.857862982972825,0.857862982972825,52,15.870000000000005,500.9328846153846,0.1402316620024026,14.023166200240262,0.00444266396622543,0.44426639662254297
future_holdout,岩溶水,岩溶水2,TCN,1.44475622658823,1.0693000136391713,0.9400967575541188,0.9400967575541188,52,15.870000000000005,500.9328846153846,0.09103693929352424,9.103693929352424,0.0028841313296840386,0.2884131329684039
future_holdout,岩溶水,岩溶水2,DynamicGatedStacking,0.8558874315152847,0.6613413642696228,0.9789770102448685,0.9789770102448685,52,15.870000000000005,500.9328846153846,0.053931155104932856,5.393115510493286,0.0017085870339146004,0.17085870339146003
selection,岩溶水,岩溶水3,LSTM,1.3486666310736968,0.5288832387685877,0.6581918338301067,0.6581918338301067,138,15.136300000000006,387.00441528985505,0.08910147335040243,8.910147335040243,0.0034848869361440867,0.34848869361440865
selection,岩溶水,岩溶水3,Transformer,1.3007996827719162,0.46775411587449617,0.6820242103948219,0.6820242103948219,138,15.136300000000006,387.00441528985505,0.08593907908616476,8.593907908616476,0.003361201142363337,0.3361201142363337
selection,岩溶水,岩溶水3,TCN,1.3163744780784299,0.5437459509353488,0.6743642207722651,0.6743642207722651,138,15.136300000000006,387.00441528985505,0.08696804886784944,8.696804886784944,0.003401445632325677,0.3401445632325677
selection,岩溶水,岩溶水3,DynamicGatedStacking,1.2902865243373964,0.46584360752729725,0.6871432475477859,0.6871432475477859,138,15.136300000000006,387.00441528985505,0.08524451314636972,8.524451314636972,0.0033340356682261866,0.3334035668226187
test,岩溶水,岩溶水3,LSTM,0.4641853599627648,0.254359908621264,0.9162094386010793,0.9162094386010793,71,5.751170000000002,383.8266273239437,0.08071146566051163,8.071146566051162,0.0012093620580705558,0.12093620580705558
test,岩溶水,岩溶水3,Transformer,0.5356669186592523,0.3781076157709211,0.8884160130654397,0.8884160130654397,71,5.751170000000002,383.8266273239437,0.09314051204524508,9.314051204524509,0.001395596033537188,0.1395596033537188
test,岩溶水,岩溶水3,TCN,0.5791144877748208,0.4300743092950002,0.8695809351385511,0.8695809351385511,71,5.751170000000002,383.8266273239437,0.10069507383277151,10.069507383277152,0.001508791851707717,0.1508791851707717
test,岩溶水,岩溶水3,DynamicGatedStacking,0.508204281483317,0.3500470457749918,0.8995641264504806,0.8995641264504806,71,5.751170000000002,383.8266273239437,0.08836537286905391,8.836537286905392,0.0013240464452050653,0.13240464452050651
future_holdout,岩溶水,岩溶水3,LSTM,1.3757792358023084,1.3444956099065473,-1.5121192708979363,-1.5121192708979363,52,2.8228999999999473,382.45746365384616,0.4873637875242956,48.73637875242956,0.003597208491262432,0.3597208491262432
future_holdout,岩溶水,岩溶水3,Transformer,1.0223642968148283,0.8777304141914744,-0.38724798678906724,-0.38724798678906724,52,2.8228999999999473,382.45746365384616,0.36216808842496984,36.21680884249698,0.0026731451049420434,0.26731451049420435
future_holdout,岩溶水,岩溶水3,TCN,2.6202872745541623,2.516353791727419,-8.112563537945675,-8.112563537945675,52,2.8228999999999473,382.45746365384616,0.9282253266336785,92.82253266336785,0.006851186141122681,0.685118614112268
future_holdout,岩溶水,岩溶水3,DynamicGatedStacking,1.4024444741528546,1.3451516604567098,-1.6104423425155763,-1.6104423425155763,52,2.8228999999999473,382.45746365384616,0.4968098317874812,49.68098317874812,0.0036669292860818012,0.36669292860818015
selection,岩溶水,岩溶水4,LSTM,0.9322185923335993,0.6682477916033825,0.8754021948843747,0.8754021948843747,138,8.199999999999989,98.09728260869565,0.11368519418702445,11.368519418702446,0.009503001179473697,0.9503001179473697
selection,岩溶水,岩溶水4,Transformer,0.7240727842260823,0.5616714887857432,0.9248309054174283,0.9248309054174283,138,8.199999999999989,98.09728260869565,0.08830155905196138,8.830155905196138,0.007381170660092253,0.7381170660092253
selection,岩溶水,岩溶水4,TCN,0.8712192362946497,0.6542939495797866,0.8911747225078404,0.8911747225078404,138,8.199999999999989,98.09728260869565,0.10624624832861597,10.624624832861597,0.008881176044089749,0.8881176044089748
selection,岩溶水,岩溶水4,DynamicGatedStacking,0.7615853257629851,0.5736022824760535,0.9168404738086072,0.9168404738086072,138,8.199999999999989,98.09728260869565,0.09287625923938855,9.287625923938855,0.007763572094049788,0.7763572094049788
test,岩溶水,岩溶水4,LSTM,0.6570356966727963,0.5239672948186821,0.8040980540170927,0.8040980540170927,71,6.590000000000003,96.7878732394366,0.09970192665748041,9.97019266574804,0.006788409277755309,0.6788409277755308
test,岩溶水,岩溶水4,Transformer,0.4091311364207303,0.31717458036640234,0.924039837747855,0.924039837747855,71,6.590000000000003,96.7878732394366,0.06208363223379819,6.208363223379819,0.004227090881608794,0.4227090881608794
test,岩溶水,岩溶水4,TCN,0.5856832955964616,0.4700664295191311,0.844336606295677,0.844336606295677,71,6.590000000000003,96.7878732394366,0.08887455168383328,8.887455168383328,0.006051205342094681,0.6051205342094681
test,岩溶水,岩溶水4,DynamicGatedStacking,0.5077780909080789,0.39421780697703646,0.8829938374000262,0.8829938374000262,71,6.590000000000003,96.7878732394366,0.07705282107861589,7.7052821078615885,0.005246298672685192,0.5246298672685192
future_holdout,岩溶水,岩溶水4,LSTM,1.052390077093037,0.7166617299290956,0.8480177762164652,0.8480177762164652,52,8.149999999999991,98.27240384615385,0.12912761682123167,12.912761682123167,0.01070890744405277,1.070890744405277
future_holdout,岩溶水,岩溶水4,Transformer,1.0707850200147095,0.8470429402989784,0.8426582850184428,0.8426582850184428,52,8.149999999999991,98.27240384615385,0.13138466503247984,13.138466503247983,0.01089609064301542,1.089609064301542
future_holdout,岩溶水,岩溶水4,TCN,1.0207585407391742,0.7615235054948253,0.8570166887054651,0.8570166887054651,52,8.149999999999991,98.27240384615385,0.1252464467164632,12.524644671646321,0.01038703136169518,1.038703136169518
future_holdout,岩溶水,岩溶水4,DynamicGatedStacking,0.9836830976080757,0.69738085656905,0.8672147841448452,0.8672147841448452,52,8.149999999999991,98.27240384615385,0.12069731258994806,12.069731258994807,0.010009759190871515,1.0009759190871514
selection,岩溶水,岩溶水5,LSTM,0.4383322331319385,0.2627607075934841,0.8451636067750586,0.8451636067750586,138,5.220000000000027,430.7046195652174,0.083971692170869,8.3971692170869,0.0010177096163361816,0.10177096163361816
selection,岩溶水,岩溶水5,Transformer,0.3965751686924201,0.2434051036236267,0.873258960301143,0.873258960301143,138,5.220000000000027,430.7046195652174,0.0759722545387774,7.59722545387774,0.0009207590322405877,0.09207590322405877
selection,岩溶水,岩溶水5,TCN,0.43649935946500534,0.27850334816087835,0.8464557873857685,0.8464557873857685,138,5.220000000000027,430.7046195652174,0.08362056694731859,8.362056694731859,0.001013454092750706,0.1013454092750706
selection,岩溶水,岩溶水5,DynamicGatedStacking,0.40443071520275664,0.24699926768359787,0.8681881385945487,0.8681881385945487,138,5.220000000000027,430.7046195652174,0.07747714850627481,7.747714850627481,0.0009389978580007258,0.09389978580007258
test,岩溶水,岩溶水5,LSTM,0.3296396178136004,0.26818140076606667,0.6940918812764906,0.6940918812764906,71,2.8600000000000136,430.2881690140846,0.11525860762713246,11.525860762713245,0.0007660903588609017,0.07660903588609017
test,岩溶水,岩溶水5,Transformer,0.31245794566030594,0.24967559281478643,0.7251502505431315,0.7251502505431315,71,2.8600000000000136,430.2881690140846,0.1092510299511554,10.925102995115541,0.0007261597416825055,0.07261597416825055
test,岩溶水,岩溶水5,TCN,0.32612498441567694,0.25807149082584385,0.700580319901539,0.700580319901539,71,2.8600000000000136,430.2881690140846,0.11402971483065573,11.402971483065572,0.0007579222667518938,0.07579222667518938
test,岩溶水,岩溶水5,DynamicGatedStacking,0.3109332583475856,0.2514094145158837,0.7278260505831096,0.7278260505831096,71,2.8600000000000136,430.2881690140846,0.1087179224991553,10.87179224991553,0.000722616331887591,0.0722616331887591
future_holdout,岩溶水,岩溶水5,LSTM,0.3324521044801875,0.2668666042745302,0.8643000446819312,0.8643000446819312,52,2.8899999999999864,430.47076923076924,0.11503533026996163,11.503533026996163,0.0007722989067858512,0.07722989067858511
future_holdout,岩溶水,岩溶水5,Transformer,0.508612696275456,0.3735401688737935,0.6823887142547946,0.6823887142547946,52,2.8899999999999864,430.47076923076924,0.17599055234444927,17.599055234444926,0.0011815266741208065,0.11815266741208065
future_holdout,岩溶水,岩溶水5,TCN,0.283480440303582,0.23328611229513177,0.9013339529456514,0.9013339529456514,52,2.8899999999999864,430.47076923076924,0.09809011775210495,9.809011775210495,0.0006585358648396685,0.06585358648396686
future_holdout,岩溶水,岩溶水5,DynamicGatedStacking,0.35286961554026214,0.29651391890607215,0.8471202160491629,0.8471202160491629,52,2.8899999999999864,430.47076923076924,0.12210021298971066,12.210021298971066,0.0008197295629871067,0.08197295629871068
selection,孔隙水,孔隙水1,LSTM,0.08556901702357335,0.05782607134465215,0.9392401223431269,0.9392401223431269,138,1.4399999999999977,107.5847463768116,0.059422928488592694,5.942292848859269,0.000795363840184844,0.0795363840184844
selection,孔隙水,孔隙水1,Transformer,0.10217598754104935,0.06350394370507609,0.9133673712999778,0.9133673712999778,138,1.4399999999999977,107.5847463768116,0.07095554690350661,7.095554690350661,0.0009497255975599156,0.09497255975599156
selection,孔隙水,孔隙水1,TCN,0.08201983842520734,0.05877155443525226,0.9441759137053451,0.9441759137053451,138,1.4399999999999977,107.5847463768116,0.056958221128616295,5.695822112861629,0.0007623742322906622,0.07623742322906622
selection,孔隙水,孔隙水1,DynamicGatedStacking,0.10574969041688548,0.06722552495043466,0.9072012740152183,0.9072012740152183,138,1.4399999999999977,107.5847463768116,0.07343728501172614,7.343728501172614,0.0009829431585635857,0.09829431585635856
test,孔隙水,孔隙水1,LSTM,0.0443332176977872,0.029661451510116357,0.8827430643657392,0.8827430643657392,71,0.47999999999998977,107.23126760563379,0.0923608702037253,9.23608702037253,0.0004134355462516046,0.041343554625160456
test,孔隙水,孔隙水1,Transformer,0.04395756865976047,0.030516881450881342,0.8847217540936274,0.8847217540936274,71,0.47999999999998977,107.23126760563379,0.0915782680411696,9.15782680411696,0.0004099323792517678,0.04099323792517678
test,孔隙水,孔隙水1,TCN,0.04657001815373158,0.035935136949677184,0.8706123432392864,0.8706123432392864,71,0.47999999999998977,107.23126760563379,0.09702087115360952,9.702087115360952,0.0004342951379163297,0.04342951379163297
test,孔隙水,孔隙水1,DynamicGatedStacking,0.042196294984028986,0.029102988960089067,0.8937745272075093,0.8937745272075093,71,0.47999999999998977,107.23126760563379,0.0879089478833956,8.790894788339559,0.0003935073782696946,0.03935073782696946
future_holdout,孔隙水,孔隙水1,LSTM,0.15574764847061265,0.1319315293837387,-0.9184125593061605,-0.9184125593061605,52,0.4399999999999977,107.07548076923078,0.3539719283423033,35.39719283423033,0.0014545594131515523,0.1454559413151552
future_holdout,孔隙水,孔隙水1,Transformer,0.1706772407206948,0.15841349971605384,-1.3038289893978625,-1.3038289893978625,52,0.4399999999999977,107.07548076923078,0.3879028198197629,38.790281981976285,0.0015939899545119821,0.1593989954511982
future_holdout,孔隙水,孔隙水1,TCN,0.19084063791105782,0.15945826097556987,-1.880319944187161,-1.880319944187161,52,0.4399999999999977,107.07548076923078,0.43372872252513367,43.37287225251337,0.0017823000797200044,0.17823000797200045
future_holdout,孔隙水,孔隙水1,DynamicGatedStacking,0.1675151736584012,0.14891239066692316,-1.2192555581103486,-1.2192555581103486,52,0.4399999999999977,107.07548076923078,0.38071630376909565,38.07163037690957,0.0015644587580179083,0.15644587580179084
selection,孔隙水,孔隙水2,LSTM,0.06233331406326775,0.04855068649759711,0.9609350856603454,0.9609350856603454,138,1.3100000000000023,139.38065217391303,0.047582682491044005,4.7582682491044,0.00044721640407802794,0.04472164040780279
selection,孔隙水,孔隙水2,Transformer,0.05856632736364949,0.04338258949232701,0.965514031860239,0.965514031860239,138,1.3100000000000023,139.38065217391303,0.04470712012492319,4.470712012492319,0.00042018979284565985,0.04201897928456599
selection,孔隙水,孔隙水2,TCN,0.0730797285233867,0.05311325542192001,0.9463042031215184,0.9463042031215184,138,1.3100000000000023,139.38065217391303,0.055786052307928685,5.578605230792869,0.0005243175963346838,0.05243175963346838
selection,孔隙水,孔隙水2,DynamicGatedStacking,0.05108868916321071,0.03691280073170352,0.9737580586472709,0.9737580586472709,138,1.3100000000000023,139.38065217391303,0.03899899936122948,3.8998999361229485,0.0003665407527255971,0.036654075272559705
test,孔隙水,孔隙水2,LSTM,0.05392646725930765,0.046066305226537374,0.9134044668714097,0.9134044668714097,71,0.6999999999999886,139.32577464788733,0.07703781037044075,7.703781037044075,0.0003870530588873016,0.03870530588873016
test,孔隙水,孔隙水2,Transformer,0.040206396017095795,0.03140606072539288,0.9518626873502514,0.9518626873502514,71,0.6999999999999886,139.32577464788733,0.057437708595852066,5.743770859585206,0.0002885783059072011,0.02885783059072011
test,孔隙水,孔隙水2,TCN,0.051552386712444685,0.04112721755609448,0.9208612652648347,0.9208612652648347,71,0.6999999999999886,139.32577464788733,0.07364626673206504,7.364626673206503,0.0003700132788978281,0.03700132788978281
test,孔隙水,孔隙水2,DynamicGatedStacking,0.03150744970207631,0.02509947033106896,0.9704390727466149,0.9704390727466149,71,0.6999999999999886,139.32577464788733,0.04501064243153831,4.501064243153831,0.0002261422897644307,0.02261422897644307
future_holdout,孔隙水,孔隙水2,LSTM,0.07116792461119843,0.058750058833481944,0.9619765221522549,0.9619765221522549,52,1.0699999999999932,139.17000000000002,0.06651207907588681,6.651207907588681,0.0005113740361514581,0.051137403615145814
future_holdout,孔隙水,孔隙水2,Transformer,0.23894970401487728,0.18011168865940874,0.5713565133633441,0.5713565133633441,52,1.0699999999999932,139.17000000000002,0.2233174803877372,22.331748038773718,0.0017169627363287868,0.17169627363287868
future_holdout,孔隙水,孔隙水2,TCN,0.166400758562561,0.1362609159158153,0.792129031933391,0.792129031933391,52,1.0699999999999932,139.17000000000002,0.1555147276285627,15.55147276285627,0.0011956654348103828,0.11956654348103829
future_holdout,孔隙水,孔隙水2,DynamicGatedStacking,0.07113065589307326,0.05089506413889047,0.9620163354597498,0.9620163354597498,52,1.0699999999999932,139.17000000000002,0.06647724849819973,6.647724849819974,0.0005111062433934989,0.051110624339349896
selection,孔隙水,孔隙水3,LSTM,0.0898858303557097,0.0684448848153672,0.9665562355968234,0.9665562355968234,138,1.7000000000000028,112.84016304347826,0.052874017856299735,5.2874017856299735,0.0007965765728384842,0.07965765728384842
selection,孔隙水,孔隙水3,Transformer,0.07353175866492476,0.05929835709298222,0.9776188399889998,0.9776188399889998,138,1.7000000000000028,112.84016304347826,0.04325397568524979,4.325397568524979,0.0006516452713436116,0.06516452713436116
selection,孔隙水,孔隙水3,TCN,0.09641274386613498,0.07420891394520644,0.961522967370784,0.961522967370784,138,1.7000000000000028,112.84016304347826,0.05671337874478519,5.671337874478518,0.0008544186862702985,0.08544186862702985
selection,孔隙水,孔隙水3,DynamicGatedStacking,0.08069855651520094,0.06319632821562782,0.9730434555930497,0.9730434555930497,138,1.7000000000000028,112.84016304347826,0.04746973912658871,4.746973912658871,0.0007151580991965345,0.07151580991965345
test,孔隙水,孔隙水3,LSTM,0.07141928325687352,0.053660078583309706,0.9787050118792252,0.9787050118792252,71,1.460000000000008,112.86397887323945,0.04891731729922817,4.891731729922817,0.0006327907625610686,0.06327907625610686
test,孔隙水,孔隙水3,Transformer,0.06600824980572273,0.051896977322586205,0.981809574302983,0.981809574302983,71,1.460000000000008,112.86397887323945,0.04521113000391943,4.521113000391943,0.0005848478005534287,0.05848478005534287
test,孔隙水,孔隙水3,TCN,0.08181025000269694,0.06441681345849204,0.972057718283984,0.972057718283984,71,1.460000000000008,112.86397887323945,0.056034417810066094,5.60344178100661,0.0007248570431366789,0.07248570431366788
test,孔隙水,孔隙水3,DynamicGatedStacking,0.06681407681733022,0.05084240757628222,0.9813627268037999,0.9813627268037999,71,1.460000000000008,112.86397887323945,0.04576306631323963,4.576306631323963,0.0005919876074223016,0.059198760742230155
future_holdout,孔隙水,孔隙水3,LSTM,0.2635773006473862,0.2264826828530588,0.7815512869349455,0.7815512869349455,52,1.6600000000000108,112.4626923076923,0.15878150641408706,15.878150641408705,0.002343686561639943,0.2343686561639943
future_holdout,孔隙水,孔隙水3,Transformer,0.29674752605966814,0.250432687529418,0.7231097314139803,0.7231097314139803,52,1.6600000000000108,112.4626923076923,0.17876356991546158,17.876356991546157,0.0026386308203237905,0.26386308203237907
future_holdout,孔隙水,孔隙水3,TCN,0.22614462939527927,0.182092357938604,0.8391925981000586,0.8391925981000586,52,1.6600000000000108,112.4626923076923,0.1362317044549866,13.623170445498662,0.0020108413266201994,0.20108413266201994
future_holdout,孔隙水,孔隙水3,DynamicGatedStacking,0.24476249150885165,0.20413730613550932,0.811625024300603,0.811625024300603,52,1.6600000000000108,112.4626923076923,0.14744728404147595,14.744728404147594,0.002176388333645737,0.21763883336457368
selection,孔隙水,孔隙水4,LSTM,0.09108494040436207,0.058293294040533516,0.9053946055162801,0.9053946055162801,138,1.4699999999999989,35.51927536231884,0.061962544492763366,6.196254449276337,0.0025643805926567668,0.2564380592656767
selection,孔隙水,孔隙水4,Transformer,0.08227625842899655,0.0514044411146973,0.9228080857073528,0.9228080857073528,138,1.4699999999999989,35.51927536231884,0.0559702438292494,5.59702438292494,0.0023163833605761163,0.23163833605761164
selection,孔隙水,孔隙水4,TCN,0.08574596126767628,0.05738469942103991,0.9161602275714537,0.9161602275714537,138,1.4699999999999989,35.51927536231884,0.05833058589637847,5.833058589637847,0.002414068428846417,0.24140684288464168
selection,孔隙水,孔隙水4,DynamicGatedStacking,0.07948841212810207,0.048678436273570026,0.9279505969305595,0.9279505969305595,138,1.4699999999999989,35.51927536231884,0.05407374974700825,5.407374974700825,0.002237895095473388,0.2237895095473388
test,孔隙水,孔隙水4,LSTM,0.04912622918824395,0.03354381588644949,0.9668030762344457,0.9668030762344457,71,0.8699999999999974,35.25626760563381,0.056466930101429995,5.646693010142999,0.0013934041384571795,0.13934041384571796
test,孔隙水,孔隙水4,Transformer,0.05106709138847701,0.029331766549429813,0.9641281953133012,0.9641281953133012,71,0.8699999999999974,35.25626760563381,0.058697806193651905,5.869780619365191,0.0014484542708745691,0.1448454270874569
test,孔隙水,孔隙水4,TCN,0.055720908991707015,0.04035801971801614,0.9572921836742615,0.9572921836742615,71,0.8699999999999974,35.25626760563381,0.06404702182954848,6.404702182954848,0.001580453995158666,0.1580453995158666
test,孔隙水,孔隙水4,DynamicGatedStacking,0.04968566746155153,0.030536137238241154,0.966042693247311,0.966042693247311,71,0.8699999999999974,35.25626760563381,0.057109962599484684,5.710996259948469,0.0014092719064116692,0.1409271906411669
future_holdout,孔隙水,孔隙水4,LSTM,0.04327628118130708,0.034674784982105376,0.9818541606065737,0.9818541606065737,52,0.9099999999999966,35.18057692307693,0.04755635294649148,4.755635294649148,0.001230118575824711,0.12301185758247109
future_holdout,孔隙水,孔隙水4,Transformer,0.10886626397308405,0.09725012682143053,0.8851677608479982,0.8851677608479982,52,0.9099999999999966,35.18057692307693,0.11963325711327963,11.963325711327963,0.0030944991098674256,0.30944991098674257
future_holdout,孔隙水,孔隙水4,TCN,0.07566335528410098,0.05608344563275193,0.9445312489693074,0.9445312489693074,52,0.9099999999999966,35.18057692307693,0.08314654426824315,8.314654426824315,0.00215071388537887,0.215071388537887
future_holdout,孔隙水,孔隙水4,DynamicGatedStacking,0.07216540105217405,0.06328195969870497,0.9495413933442391,0.9495413933442391,52,0.9099999999999966,35.18057692307693,0.07930263851887287,7.930263851887287,0.002051285321726395,0.2051285321726395
selection,孔隙水,孔隙水5,LSTM,0.05535689561317245,0.04108140364809638,0.9685243398220365,0.9685243398220365,138,1.1700000000000017,40.52177536231885,0.047313585994164416,4.731358599416442,0.0013661024256269077,0.13661024256269078
selection,孔隙水,孔隙水5,Transformer,0.04675826220016683,0.03492845977062314,0.9775431872598752,0.9775431872598752,138,1.1700000000000017,40.52177536231885,0.0399643266668092,3.99643266668092,0.0011539045804900068,0.11539045804900068
selection,孔隙水,孔隙水5,TCN,0.05135097730183812,0.04048763161809064,0.9729150012125886,0.9729150012125886,138,1.1700000000000017,40.52177536231885,0.04388972418960517,4.388972418960517,0.0012672440149201689,0.12672440149201689
selection,孔隙水,孔隙水5,DynamicGatedStacking,0.044617458804245405,0.032458703936492084,0.9795524604776782,0.9795524604776782,138,1.1700000000000017,40.52177536231885,0.038134580174568666,3.813458017456867,0.0011010736426354884,0.11010736426354883
test,孔隙水,孔隙水5,LSTM,0.0213740950919249,0.015335847676940767,0.9854811103334555,0.9854811103334555,71,0.5600000000000023,40.15161971830986,0.03816802694986574,3.816802694986574,0.0005323345668712321,0.05323345668712321
test,孔隙水,孔隙水5,Transformer,0.02666660837546397,0.02239012108920015,0.9774007775843061,0.9774007775843061,71,0.5600000000000023,40.15161971830986,0.04761894352761404,4.761894352761404,0.0006641477619719415,0.06641477619719414
test,孔隙水,孔隙水5,TCN,0.039302175482456694,0.028867209273720707,0.9509102171085737,0.9509102171085737,71,0.5600000000000023,40.15161971830986,0.07018245621867239,7.018245621867239,0.000978844085448792,0.09788440854487919
test,孔隙水,孔隙水5,DynamicGatedStacking,0.021532806966668098,0.016321358010925255,0.9852646917694056,0.9852646917694056,71,0.5600000000000023,40.15161971830986,0.03845144101190716,3.8451441011907157,0.0005362873806271071,0.05362873806271071
future_holdout,孔隙水,孔隙水5,LSTM,0.08650373704133282,0.08136347438266352,0.8763314838704439,0.8763314838704439,52,0.75,40.18,0.11533831605511043,11.533831605511043,0.0021529053519495477,0.21529053519495478
future_holdout,孔隙水,孔隙水5,Transformer,0.1097597789670148,0.08382897420705217,0.8008978921617804,0.8008978921617804,52,0.75,40.18,0.14634637195601974,14.634637195601973,0.002731701816003355,0.2731701816003355
future_holdout,孔隙水,孔隙水5,TCN,0.09220293460509871,0.08017143138782351,0.8594991673693141,0.8594991673693141,52,0.75,40.18,0.12293724614013161,12.293724614013161,0.0022947470036112174,0.22947470036112175
future_holdout,孔隙水,孔隙水5,DynamicGatedStacking,0.06520641701041531,0.055881309223620196,0.9297299788312098,0.9297299788312098,52,0.75,40.18,0.08694188934722041,8.69418893472204,0.0016228575662124269,0.1622857566212427
