lookback,split,well,model,RMSE,MAE,R2,NSE
12,selection,裂隙水1,Persistence,0.17682656716334041,0.11995850622406555,0.9714292454458339,0.9714292454458339
12,selection,裂隙水1,LSTM,0.15074103973017872,0.10417322724548021,0.9792370197138786,0.9792370197138786
12,selection,裂隙水1,Transformer,0.13859310064502106,0.09645102215292965,0.9824486753007725,0.9824486753007725
12,selection,裂隙水1,TCN,0.21089583090338543,0.15870961321904253,0.9593591607620653,0.9593591607620653
12,selection,裂隙水1,Stacking,0.19892796023673204,0.1524282193692769,0.9638408396116844,0.9638408396116844
12,selection,裂隙水2,Persistence,0.07475547968369003,0.04510373443983428,0.9570189480624745,0.9570189480624745
12,selection,裂隙水2,LSTM,0.062228604779227814,0.03580167446649801,0.970216817485244,0.970216817485244
12,selection,裂隙水2,Transformer,0.06414216763799023,0.038549170750345016,0.9683569570822101,0.9683569570822101
12,selection,裂隙水2,TCN,0.07887134147608975,0.05319711142829625,0.9521557853270854,0.9521557853270854
12,selection,裂隙水2,Stacking,0.061343730654100474,0.03793252093626703,0.9710578130895374,0.9710578130895374
12,selection,裂隙水3,Persistence,0.11996022854069319,0.08784232365145211,0.9631432763355599,0.9631432763355599
12,selection,裂隙水3,LSTM,0.11822098820710213,0.08381346915786568,0.9642042613878057,0.9642042613878057
12,selection,裂隙水3,Transformer,0.1071977847464077,0.07418412565851035,0.9705684063353165,0.9705684063353165
12,selection,裂隙水3,TCN,0.1375875629277622,0.10393097807138187,0.9515157687725658,0.9515157687725658
12,selection,裂隙水3,Stacking,0.11537571351251179,0.0830977051867481,0.9659065494961884,0.9659065494961884
12,selection,岩溶水1,Persistence,0.7942818297567563,0.3761370539419098,0.8960115670893347,0.8960115670893347
12,selection,岩溶水1,LSTM,0.7428351873677975,0.34535413900580797,0.9090462282221905,0.9090462282221905
12,selection,岩溶水1,Transformer,0.7532363024363626,0.3781997421427966,0.9064813424637729,0.9064813424637729
12,selection,岩溶水1,TCN,0.7685182800667518,0.41753881640087576,0.9026481559089586,0.9026481559089586
12,selection,岩溶水1,Stacking,0.7319020166978157,0.39266005934825476,0.9117038706137208,0.9117038706137208
12,selection,岩溶水2,Persistence,0.17701935148676612,0.1038907883817433,0.8382528886303412,0.8382528886303412
12,selection,岩溶水2,LSTM,0.15985720910857254,0.10687763570718943,0.8680955353441696,0.8680955353441696
12,selection,岩溶水2,Transformer,0.1662316208540776,0.10491033782467596,0.8573662430257653,0.8573662430257653
12,selection,岩溶水2,TCN,0.15783900105472337,0.10937652218316779,0.8714051163214975,0.8714051163214975
12,selection,岩溶水2,Stacking,0.17006803434656279,0.11126876619441296,0.8507066625039859,0.8507066625039859
12,selection,岩溶水3,Persistence,0.10575160750374721,0.06697095435684783,0.9187289761965932,0.9187289761965932
12,selection,岩溶水3,LSTM,0.08719486545734234,0.048656874682062874,0.9447485602831956,0.9447485602831956
12,selection,岩溶水3,Transformer,0.08723683914369473,0.04886988962732394,0.944695353829526,0.944695353829526
12,selection,岩溶水3,TCN,0.09776760347889948,0.058112294694328985,0.9305372912761823,0.9305372912761823
12,selection,岩溶水3,Stacking,0.09459149078543307,0.05379010812779337,0.9349771627917792,0.9349771627917792
12,selection,孔隙水1,Persistence,0.07381678094282931,0.04572154619754364,0.935243980162006,0.935243980162006
12,selection,孔隙水1,LSTM,0.0766884000216836,0.04924314131966559,0.9301077056918952,0.9301077056918952
12,selection,孔隙水1,Transformer,0.07080502638376052,0.04406378314854529,0.9404203262335866,0.9404203262335866
12,selection,孔隙水1,TCN,0.09273218875893481,0.06132608148493109,0.897804690305291,0.897804690305291
12,selection,孔隙水1,Stacking,0.07368369346470312,0.046193721413730175,0.9354772725431281,0.9354772725431281
12,selection,孔隙水2,Persistence,0.3298852434694819,0.24116182572613967,0.9066824296800235,0.9066824296800235
12,selection,孔隙水2,LSTM,0.29591907955386293,0.220706428967184,0.9249097449200984,0.9249097449200984
12,selection,孔隙水2,Transformer,0.28993823019278286,0.21132670897722894,0.9279143843467926,0.9279143843467926
12,selection,孔隙水2,TCN,0.3243966302344341,0.24454029057153853,0.9097618229902393,0.9097618229902393
12,selection,孔隙水2,Stacking,0.33186235449780044,0.2529569775750775,0.9055605117807607,0.9055605117807607
12,selection,孔隙水3,Persistence,0.16628975361601936,0.08091286307053935,0.9398579802936416,0.9398579802936416
12,selection,孔隙水3,LSTM,0.17605638668753443,0.07302164704335311,0.9325859222512755,0.9325859222512755
12,selection,孔隙水3,Transformer,0.18541241631072256,0.07870316259239632,0.9252304690257629,0.9252304690257629
12,selection,孔隙水3,TCN,0.18341642062760913,0.10048726478212748,0.9268316170939042,0.9268316170939042
12,selection,孔隙水3,Stacking,0.17920300721147583,0.08526612968484301,0.9301546310942317,0.9301546310942317
18,selection,裂隙水1,Persistence,0.17702518653193453,0.11995833333333247,0.9714820614204666,0.9714820614204666
18,selection,裂隙水1,LSTM,0.15608095459834784,0.1122633812430081,0.9778309117055891,0.9778309117055891
18,selection,裂隙水1,Transformer,0.1435041776770919,0.0979840794674305,0.9812596759294208,0.9812596759294208
18,selection,裂隙水1,TCN,0.20038521429024836,0.14966834422350458,0.9634590903368696,0.9634590903368696
18,selection,裂隙水1,Stacking,0.1923107684059597,0.15055556310035503,0.9663445645309527,0.9663445645309527
18,selection,裂隙水2,Persistence,0.07488602450835985,0.04516666666666692,0.9570182357801844,0.9570182357801844
18,selection,裂隙水2,LSTM,0.06129271200061103,0.03451236066936628,0.9712061086334292,0.9712061086334292
18,selection,裂隙水2,Transformer,0.05922393285497205,0.03785006559310584,0.9731170345401156,0.9731170345401156
18,selection,裂隙水2,TCN,0.07213629662239246,0.04827652602786034,0.9601167655923455,0.9601167655923455
18,selection,裂隙水2,Stacking,0.061331696378317195,0.036115708389598565,0.9711694690761613,0.9711694690761613
18,selection,裂隙水3,Persistence,0.12012493496356225,0.08791666666666641,0.9630720409181802,0.9630720409181802
18,selection,裂隙水3,LSTM,0.12230090429700882,0.08642084414292353,0.9617220816868266,0.9617220816868266
18,selection,裂隙水3,Transformer,0.10808818999385854,0.07868540235147208,0.9701017710285998,0.9701017710285998
18,selection,裂隙水3,TCN,0.14199415277385463,0.10570427748157828,0.9484023530722054,0.9484023530722054
18,selection,裂隙水3,Stacking,0.11599240177632066,0.08256925616878709,0.965569125199049,0.965569125199049
18,selection,岩溶水1,Persistence,0.7958081679564795,0.37678762500000124,0.8959581637189312,0.8959581637189312
18,selection,岩溶水1,LSTM,0.7528088834642676,0.3658045218468627,0.9068976389642502,0.9068976389642502
18,selection,岩溶水1,Transformer,0.7714070557167051,0.44451751602168676,0.9022406201912819,0.9022406201912819
18,selection,岩溶水1,TCN,0.7858084443978846,0.43403696564577576,0.8985564107281951,0.8985564107281951
18,selection,岩溶水1,Stacking,0.7826363896216072,0.4172321730292327,0.8993737477112492,0.8993737477112492
18,selection,岩溶水2,Persistence,0.17737719511081998,0.10419870833333392,0.8376818469823498,0.8376818469823498
18,selection,岩溶水2,LSTM,0.15926353533936008,0.10392472099919368,0.8691408092716404,0.8691408092716404
18,selection,岩溶水2,Transformer,0.1562570518963813,0.10148426833544495,0.874034742551656,0.874034742551656
18,selection,岩溶水2,TCN,0.16337141927806934,0.11328365621025066,0.8623032499289173,0.8623032499289173
18,selection,岩溶水2,Stacking,0.16883056320354226,0.11199734652906722,0.8529470759210895,0.8529470759210895
18,selection,岩溶水3,Persistence,0.1059638303070127,0.06716666666666811,0.9186810066112293,0.9186810066112293
18,selection,岩溶水3,LSTM,0.08802319128196763,0.04990092412862926,0.943886040182963,0.943886040182963
18,selection,岩溶水3,Transformer,0.08724329399414257,0.04842339499323245,0.9448759895555143,0.9448759895555143
18,selection,岩溶水3,TCN,0.09529601666952338,0.05661782351158777,0.9342302497797044,0.9342302497797044
18,selection,岩溶水3,Stacking,0.09771814508572685,0.0552927919757316,0.9308444362433314,0.9308444362433314
18,selection,孔隙水1,Persistence,0.07395913941865573,0.04582871930670009,0.935223848241917,0.935223848241917
18,selection,孔隙水1,LSTM,0.07537358526604604,0.047262877662046246,0.9327225080602728,0.9327225080602728
18,selection,孔隙水1,Transformer,0.07395108776148923,0.04717424703068236,0.9352379513529244,0.9352379513529244
18,selection,孔隙水1,TCN,0.09236279576473069,0.06135681448268713,0.898975761370584,0.898975761370584
18,selection,孔隙水1,Stacking,0.07401853489616352,0.044923972284503046,0.9351197649496041,0.9351197649496041
18,selection,孔隙水2,Persistence,0.32773051683763715,0.23937499999999853,0.9075485006670239,0.9075485006670239
18,selection,孔隙水2,LSTM,0.29758629469478415,0.22011191491974624,0.9237734884825657,0.9237734884825657
18,selection,孔隙水2,Transformer,0.29053425417229534,0.21467536190262823,0.9273434320093313,0.9273434320093313
18,selection,孔隙水2,TCN,0.34184992298100036,0.26073933544421235,0.8994108436367713,0.8994108436367713
18,selection,孔隙水2,Stacking,0.2992344799317826,0.2402346702761354,0.9229267873420445,0.9229267873420445
18,selection,孔隙水3,Persistence,0.16663082948042182,0.08116666666666662,0.939812691184438,0.939812691184438
18,selection,孔隙水3,LSTM,0.1846268694336576,0.08062879278928298,0.9261102794526294,0.9261102794526294
18,selection,孔隙水3,Transformer,0.1817748732205284,0.07662802985814512,0.9283754488601333,0.9283754488601333
18,selection,孔隙水3,TCN,0.2051679054744609,0.11529524185360594,0.9087541624046368,0.9087541624046368
18,selection,孔隙水3,Stacking,0.1824979243319253,0.08128140887564565,0.9278045095426121,0.9278045095426121
26,selection,裂隙水1,Persistence,0.17732319262959095,0.12016736401673557,0.9716198828302363,0.9716198828302363
26,selection,裂隙水1,LSTM,0.1585578299651376,0.11174786381150408,0.9773087465359356,0.9773087465359356
26,selection,裂隙水1,Transformer,0.1490367026956287,0.10077036432107842,0.9799520686083101,0.9799520686083101
26,selection,裂隙水1,TCN,0.22839723256571293,0.17142177238997505,0.9529169297712432,0.9529169297712432
26,selection,裂隙水1,Stacking,0.20466213552290205,0.1575804757515035,0.9621942286843554,0.9621942286843554
26,selection,裂隙水2,Persistence,0.07501743172597627,0.0452301255230128,0.9569647464823545,0.9569647464823545
26,selection,裂隙水2,LSTM,0.06524927175452438,0.038591872191903624,0.9674424796944454,0.9674424796944454
26,selection,裂隙水2,Transformer,0.06092760387312066,0.035880561204023026,0.9716124325026452,0.9716124325026452
26,selection,裂隙水2,TCN,0.07298743751803025,0.04707195097815691,0.9592623272364309,0.9592623272364309
26,selection,裂隙水2,Stacking,0.0659058398925897,0.038323494818876085,0.9667839657023827,0.9667839657023827
26,selection,裂隙水3,Persistence,0.1198604488421965,0.0875313807531379,0.9630760082315041,0.9630760082315041
26,selection,裂隙水3,LSTM,0.11807045568620556,0.08333238089273706,0.9641706173766763,0.9641706173766763
26,selection,裂隙水3,Transformer,0.10587441565124212,0.08080450058031148,0.9711902891915397,0.9711902891915397
26,selection,裂隙水3,TCN,0.14194817281569286,0.10609205409212079,0.9482135120253944,0.9482135120253944
26,selection,裂隙水3,Stacking,0.11346271440206851,0.07863656576548417,0.9669125586602061,0.9669125586602061
26,selection,岩溶水1,Persistence,0.82731698346707,0.3906766527196664,0.8882646166358577,0.8882646166358577
26,selection,岩溶水1,LSTM,0.7618501129910564,0.35249670154181595,0.9052485387310236,0.9052485387310236
26,selection,岩溶水1,Transformer,0.8126970716774209,0.39095877399069895,0.8921787819688047,0.8921787819688047
26,selection,岩溶水1,TCN,0.8176147113254829,0.43436591799826396,0.8908699791766429,0.8908699791766429
26,selection,岩溶水1,Stacking,0.8137647945976317,0.40915739603779705,0.8918952844287763,0.8918952844287763
26,selection,岩溶水2,Persistence,0.1777380678655654,0.10450397489539796,0.8375378032064313,0.8375378032064313
26,selection,岩溶水2,LSTM,0.15773529663379732,0.10514489517086681,0.8720473792691941,0.8720473792691941
26,selection,岩溶水2,Transformer,0.15481686098932218,0.09917504866190119,0.8767383641597154,0.8767383641597154
26,selection,岩溶水2,TCN,0.16797289435306056,0.11653272377039636,0.8548991945725759,0.8548991945725759
26,selection,岩溶水2,Stacking,0.19174478247829488,0.12061241202152631,0.8109230785745758,0.8109230785745758
26,selection,岩溶水3,Persistence,0.11064968888626688,0.06925669456067084,0.9128752959368485,0.9128752959368485
26,selection,岩溶水3,LSTM,0.09313475927084869,0.051842298080347515,0.9382745145281661,0.9382745145281661
26,selection,岩溶水3,Transformer,0.09140126015953393,0.05162283842687915,0.9405508994134067,0.9405508994134067
26,selection,岩溶水3,TCN,0.1061051012749381,0.06367868517853466,0.9198850713822333,0.9198850713822333
26,selection,岩溶水3,Stacking,0.10375353945653153,0.06063775606177697,0.9233968261221054,0.9233968261221054
26,selection,孔隙水1,Persistence,0.07403674403968714,0.045790345747313874,0.9361709053156055,0.9361709053156055
26,selection,孔隙水1,LSTM,0.07665597269212403,0.04881148874253632,0.9315748024757339,0.9315748024757339
26,selection,孔隙水1,Transformer,0.07020574896979417,0.04242313637545082,0.9426056137788907,0.9426056137788907
26,selection,孔隙水1,TCN,0.09089846686415505,0.05952452914641491,0.9037862418491609,0.9037862418491609
26,selection,孔隙水1,Stacking,0.0748702120585287,0.04650067703832602,0.9347257051978414,0.9347257051978414
26,selection,孔隙水2,Persistence,0.3281955866495349,0.23958158995815754,0.9070651641277254,0.9070651641277254
26,selection,孔隙水2,LSTM,0.30958224102347565,0.2261556418527559,0.9173076865090124,0.9173076865090124
26,selection,孔隙水2,Transformer,0.2877783743778038,0.21279164266383005,0.9285455348254318,0.9285455348254318
26,selection,孔隙水2,TCN,0.30570755768720576,0.23070851724205915,0.9193646614107022,0.9193646614107022
26,selection,孔隙水2,Stacking,0.3060666777373408,0.2310746420670829,0.9191751026333184,0.9191751026333184
26,selection,孔隙水3,Persistence,0.16711307023293506,0.08175732217573213,0.939612418377154,0.939612418377154
26,selection,孔隙水3,LSTM,0.1891956512986448,0.08574610084007893,0.9225985492675864,0.9225985492675864
26,selection,孔隙水3,Transformer,0.19778969357388082,0.08131083467593238,0.9154070605180549,0.9154070605180549
26,selection,孔隙水3,TCN,0.208096202329642,0.10906470225162655,0.906361357235086,0.906361357235086
26,selection,孔隙水3,Stacking,0.18829905824110824,0.08263345629503067,0.9233304177456949,0.9233304177456949
32,selection,裂隙水1,Persistence,0.18521275790392022,0.12426778242677748,0.9702371466137975,0.9702371466137975
32,selection,裂隙水1,LSTM,0.17291488648475947,0.12392458711113209,0.9740583535887252,0.9740583535887252
32,selection,裂隙水1,Transformer,0.1476594329316395,0.09932894727758525,0.9810828738403093,0.9810828738403093
32,selection,裂隙水1,TCN,0.22525049348383755,0.16961966403399995,0.9559785574501918,0.9559785574501918
32,selection,裂隙水1,Stacking,0.201497583023419,0.1539977056271237,0.9647732603258592,0.9647732603258592
32,selection,裂隙水2,Persistence,0.0753901983574005,0.045732217573221906,0.9564510761023877,0.9564510761023877
32,selection,裂隙水2,LSTM,0.0660332246756502,0.038730412450851126,0.9665902928872178,0.9665902928872178
32,selection,裂隙水2,Transformer,0.06737172881129008,0.04396769432432838,0.9652221252002106,0.9652221252002106
32,selection,裂隙水2,TCN,0.07302338164953748,0.04561139718205019,0.9591425236694316,0.9591425236694316
32,selection,裂隙水2,Stacking,0.06538167271755133,0.04103518648516991,0.9672463494898241,0.9672463494898241
32,selection,裂隙水3,Persistence,0.12465517291268442,0.09012552301255203,0.9601750696004434,0.9601750696004434
32,selection,裂隙水3,LSTM,0.11924557064853371,0.08271804654078117,0.963556596714267,0.963556596714267
32,selection,裂隙水3,Transformer,0.10559598363245183,0.07159097917817366,0.9714221722275382,0.9714221722275382
32,selection,裂隙水3,TCN,0.14252631584282283,0.10286461705883873,0.9479375582332593,0.9479375582332593
32,selection,裂隙水3,Stacking,0.11454343485990641,0.08161982024646325,0.9663740301525482,0.9663740301525482
32,selection,岩溶水1,Persistence,0.8693559786539323,0.4111768619246872,0.8829841187944216,0.8829841187944216
32,selection,岩溶水1,LSTM,0.8166511344807563,0.4046192991284958,0.8967422502071365,0.8967422502071365
32,selection,岩溶水1,Transformer,0.8434273083838352,0.4174434846895748,0.8898600603824478,0.8898600603824478
32,selection,岩溶水1,TCN,0.8568052316630266,0.4596482768345737,0.8863384075398413,0.8863384075398413
32,selection,岩溶水1,Stacking,0.8474467036497916,0.43321224096532623,0.8888078042072098,0.8888078042072098
32,selection,岩溶水2,Persistence,0.1777820553643942,0.10470874476987502,0.8387710509537152,0.8387710509537152
32,selection,岩溶水2,LSTM,0.15853512798145963,0.10875235476921535,0.8717910945504104,0.8717910945504104
32,selection,岩溶水2,Transformer,0.15807096345954205,0.10166901137126276,0.8725407442756854,0.8725407442756854
32,selection,岩溶水2,TCN,0.16518273302600275,0.1139146995777322,0.8608137057048804,0.8608137057048804
32,selection,岩溶水2,Stacking,0.18068887278755802,0.11954921220391379,0.8334556152112966,0.8334556152112966
32,selection,岩溶水3,Persistence,0.12345373577066181,0.07416255230125667,0.9030165018010152,0.9030165018010152
32,selection,岩溶水3,LSTM,0.1093478005584638,0.0594720739408315,0.9239131725072365,0.9239131725072365
32,selection,岩溶水3,Transformer,0.10221162378613351,0.057150928698214934,0.933520162722825,0.933520162722825
32,selection,岩溶水3,TCN,0.12329675973456726,0.0703370599045328,0.9032629812780835,0.9032629812780835
32,selection,岩溶水3,Stacking,0.1131471741226862,0.06215755060566819,0.9185339244065929,0.9185339244065929
32,selection,孔隙水1,Persistence,0.07391726214985485,0.04560206122848547,0.9390019215935927,0.9390019215935927
32,selection,孔隙水1,LSTM,0.07737438513939668,0.04953238857171947,0.9331627103007138,0.9331627103007138
32,selection,孔隙水1,Transformer,0.07129599331408316,0.042317271044416876,0.9432514646592081,0.9432514646592081
32,selection,孔隙水1,TCN,0.08936078451982848,0.05983919769139878,0.9108506143616539,0.9108506143616539
32,selection,孔隙水1,Stacking,0.07470653810408204,0.04522849294121958,0.937692312618785,0.937692312618785
32,selection,孔隙水2,Persistence,0.32841351879991476,0.2395815899581573,0.90646860930644,0.90646860930644
32,selection,孔隙水2,LSTM,0.2938669352324574,0.21647483605912413,0.9251112145910418,0.9251112145910418
32,selection,孔隙水2,Transformer,0.3019960286222353,0.22264976233044612,0.920910686968108,0.920910686968108
32,selection,孔隙水2,TCN,0.30043774176869464,0.22610482821181843,0.9217247762844292,0.9217247762844292
32,selection,孔隙水2,Stacking,0.32335531804757606,0.23410927622959568,0.9093275489909238,0.9093275489909238
32,selection,孔隙水3,Persistence,0.17629022286509358,0.08665271966527194,0.9335179196125416,0.9335179196125416
32,selection,孔隙水3,LSTM,0.18950917658168925,0.08073750015357568,0.9231739266200732,0.9231739266200732
32,selection,孔隙水3,Transformer,0.20292266405827342,0.08306663799127685,0.9119135194920237,0.9119135194920237
32,selection,孔隙水3,TCN,0.209498466365772,0.11016650918646745,0.9061120527879223,0.9061120527879223
32,selection,孔隙水3,Stacking,0.18732527415140315,0.08800373749801801,0.9249344102004616,0.9249344102004616
38,selection,裂隙水1,Persistence,0.18559692477892661,0.12470588235294049,0.9702305543320671,0.9702305543320671
38,selection,裂隙水1,LSTM,0.1564225159525032,0.11093506960019892,0.9788540242531806,0.9788540242531806
38,selection,裂隙水1,Transformer,0.15321020721013084,0.10091342283917278,0.9797136181589859,0.9797136181589859
38,selection,裂隙水1,TCN,0.20757358122249198,0.15563962897891984,0.9627631142544112,0.9627631142544112
38,selection,裂隙水1,Stacking,0.19279494918889956,0.14828535550984348,0.9678766743680558,0.9678766743680558
38,selection,裂隙水2,Persistence,0.07544824036907626,0.045672268907563165,0.9565194754527203,0.9565194754527203
38,selection,裂隙水2,LSTM,0.06670769537715884,0.03869506107939601,0.9660102149929409,0.9660102149929409
38,selection,裂隙水2,Transformer,0.0602770906767717,0.038706908754892216,0.9722475640523737,0.9722475640523737
38,selection,裂隙水2,TCN,0.07522822276366652,0.052932541648906484,0.956772696263411,0.956772696263411
38,selection,裂隙水2,Stacking,0.06391351264714751,0.03885960278893256,0.9687980370113376,0.9687980370113376
38,selection,裂隙水3,Persistence,0.124713116168821,0.09004201680672236,0.9599826571828389,0.9599826571828389
38,selection,裂隙水3,LSTM,0.12829368186276344,0.09049922939999605,0.9576518420851209,0.9576518420851209
38,selection,裂隙水3,Transformer,0.10436820844765288,0.07248779605832328,0.9719740435376542,0.9719740435376542
38,selection,裂隙水3,TCN,0.14480247555045692,0.10612911973906711,0.9460519241848041,0.9460519241848041
38,selection,裂隙水3,Stacking,0.12295935658179077,0.08740173446706252,0.9611002195892583,0.9611002195892583
38,selection,岩溶水1,Persistence,0.8710174105378614,0.4118120588235302,0.883024464060845,0.883024464060845
38,selection,岩溶水1,LSTM,0.7969478482267174,0.3866227038542923,0.902073287240629,0.902073287240629
38,selection,岩溶水1,Transformer,0.8417806849193105,0.4175476609983253,0.8907455124599418,0.8907455124599418
38,selection,岩溶水1,TCN,0.860579215382712,0.4342328697812495,0.8858113135529807,0.8858113135529807
38,selection,岩溶水1,Stacking,0.8356713441914461,0.4243711157134042,0.8923256170252901,0.8923256170252901
38,selection,岩溶水2,Persistence,0.17812951329020962,0.10495277310924427,0.8383648523520146,0.8383648523520146
38,selection,岩溶水2,LSTM,0.15763381780986854,0.10431933874091429,0.8734206591253377,0.8734206591253377
38,selection,岩溶水2,Transformer,0.15727852477073337,0.09958775537815459,0.8739906139354695,0.8739906139354695
38,selection,岩溶水2,TCN,0.15889033061437857,0.11314227500681223,0.8713946667368659,0.8713946667368659
38,selection,岩溶水2,Stacking,0.18073407698009816,0.12030258297997708,0.8336035208335464,0.8336035208335464
38,selection,岩溶水3,Persistence,0.12333014286830353,0.07384390756302675,0.9035883869398262,0.9035883869398262
38,selection,岩溶水3,LSTM,0.10960360204911593,0.05554899895561278,0.9238551502143638,0.9238551502143638
38,selection,岩溶水3,Transformer,0.10678225054275223,0.05993526866839023,0.927724847031512,0.927724847031512
38,selection,岩溶水3,TCN,0.12171410768916535,0.06819270574561212,0.9060984591047009,0.9060984591047009
38,selection,岩溶水3,Stacking,0.10937422254431214,0.06031497834232129,0.92417353010391,0.92417353010391
38,selection,孔隙水1,Persistence,0.07402699464621726,0.045625599300874044,0.9389782746377965,0.9389782746377965
38,selection,孔隙水1,LSTM,0.07905015992024221,0.050055283367001616,0.9304159420122211,0.9304159420122211
38,selection,孔隙水1,Transformer,0.06925736518207697,0.040955635096037425,0.9465883275381238,0.9465883275381238
38,selection,孔隙水1,TCN,0.09588950831391332,0.06321123732855806,0.8976126199881773,0.8976126199881773
38,selection,孔隙水1,Stacking,0.0772768176665274,0.047147504762369195,0.9335029001501424,0.9335029001501424
38,selection,孔隙水2,Persistence,0.32822767001175046,0.2390336134453764,0.9066404924175759,0.9066404924175759
38,selection,孔隙水2,LSTM,0.29579607765680704,0.21656282774739136,0.9241783913367616,0.9241783913367616
38,selection,孔隙水2,Transformer,0.297078702475955,0.22312471998686578,0.9235194135297797,0.9235194135297797
38,selection,孔隙水2,TCN,0.3108950800489241,0.23854766303909394,0.9162401537682486,0.9162401537682486
38,selection,孔隙水2,Stacking,0.29597718829899655,0.22667323896489974,0.9240855144852144,0.9240855144852144
38,selection,孔隙水3,Persistence,0.17648886459981314,0.08651260504201676,0.9336427430863314,0.9336427430863314
38,selection,孔隙水3,LSTM,0.1872009459602415,0.07949398063418886,0.9253431117326676,0.9253431117326676
38,selection,孔隙水3,Transformer,0.20123652777920964,0.08092562868329903,0.9137284825806485,0.9137284825806485
38,selection,孔隙水3,TCN,0.2113425889212551,0.1089855005708696,0.9048458240009476,0.9048458240009476
38,selection,孔隙水3,Stacking,0.19164137643931142,0.08861242012715845,0.9217593644909501,0.9217593644909501
44,selection,裂隙水1,Persistence,0.18694469590691992,0.1265126050420164,0.9706676788594171,0.9706676788594171
44,selection,裂隙水1,LSTM,0.15993703019681324,0.11358548234134563,0.9785306848574142,0.9785306848574142
44,selection,裂隙水1,Transformer,0.14853523810167651,0.09793582576850046,0.9814826374631971,0.9814826374631971
44,selection,裂隙水1,TCN,0.23536013025670474,0.1763724195828066,0.9535071758829775,0.9535071758829775
44,selection,裂隙水1,Stacking,0.18928292157748172,0.14444511574958,0.9699293374395213,0.9699293374395213
44,selection,裂隙水2,Persistence,0.07546216147928736,0.045714285714285936,0.9565690851833728,0.9565690851833728
44,selection,裂隙水2,LSTM,0.06558234786660942,0.03762424596434577,0.9671969355678162,0.9671969355678162
44,selection,裂隙水2,Transformer,0.05886588635309744,0.03525109027888834,0.9735717825601916,0.9735717825601916
44,selection,裂隙水2,TCN,0.07513046247847636,0.05120400775567848,0.9569500530622788,0.9569500530622788
44,selection,裂隙水2,Stacking,0.061995828887357496,0.03732823105838167,0.970686651053955,0.970686651053955
44,selection,裂隙水3,Persistence,0.1259051263465319,0.09100840336134429,0.958885433964741,0.958885433964741
44,selection,裂隙水3,LSTM,0.12294383473152923,0.08562128474854366,0.9607967209086723,0.9607967209086723
44,selection,裂隙水3,Transformer,0.11017457885945707,0.07750015926618199,0.9685173209138704,0.9685173209138704
44,selection,裂隙水3,TCN,0.14328483496613936,0.10366829806932575,0.9467512594889447,0.9467512594889447
44,selection,裂隙水3,Stacking,0.1283702288916374,0.08413289007845372,0.9572597049974252,0.9572597049974252
44,selection,岩溶水1,Persistence,0.8722429757775496,0.4142485714285724,0.8854057408062094,0.8854057408062094
44,selection,岩溶水1,LSTM,0.8149646822845221,0.4078142454920158,0.8999618903379523,0.8999618903379523
44,selection,岩溶水1,Transformer,0.8407844735942507,0.4165638903605125,0.8935226420677056,0.8935226420677056
44,selection,岩溶水1,TCN,0.8591871302657018,0.4396752821071457,0.8888105898909666,0.8888105898909666
44,selection,岩溶水1,Stacking,0.8400404230064082,0.4174268020617456,0.893711012544199,0.893711012544199
44,selection,岩溶水2,Persistence,0.17896591067222264,0.10655819327731152,0.8362858702562652,0.8362858702562652
44,selection,岩溶水2,LSTM,0.1594845146580397,0.10488708927670132,0.8699882582005277,0.8699882582005277
44,selection,岩溶水2,Transformer,0.15375045991610758,0.10482012178534515,0.8791689966925762,0.8791689966925762
44,selection,岩溶水2,TCN,0.16742525756366344,0.11409429624347468,0.8567193688420597,0.8567193688420597
44,selection,岩溶水2,Stacking,0.1800394868500263,0.11939388505342305,0.8343158105941677,0.8343158105941677
44,selection,岩溶水3,Persistence,0.12444468807432571,0.07507848739495959,0.9046789577481706,0.9046789577481706
44,selection,岩溶水3,LSTM,0.10786712598782547,0.05750105523111606,0.9283833057643316,0.9283833057643316
44,selection,岩溶水3,Transformer,0.11314610997358109,0.06469547319405623,0.9212019790852041,0.9212019790852041
44,selection,岩溶水3,TCN,0.12549288461105057,0.07099919954051609,0.9030664183895938,0.9030664183895938
44,selection,岩溶水3,Stacking,0.11313991121015904,0.0632412441627016,0.9212106128227652,0.9212106128227652
44,selection,孔隙水1,Persistence,0.07414042526881101,0.045793666527764704,0.9404043923440112,0.9404043923440112
44,selection,孔隙水1,LSTM,0.07839504672931238,0.04902703383082251,0.9333682294808733,0.9333682294808733
44,selection,孔隙水1,Transformer,0.07181036301236518,0.04261722123954158,0.9440914342751843,0.9440914342751843
44,selection,孔隙水1,TCN,0.09569151197728108,0.06352483069813954,0.9007224753314693,0.9007224753314693
44,selection,孔隙水1,Stacking,0.07867062512058655,0.046335868139768664,0.9328989511038782,0.9328989511038782
44,selection,孔隙水2,Persistence,0.3270568398162416,0.23810924369747763,0.9074994621452743,0.9074994621452743
44,selection,孔隙水2,LSTM,0.28948454311947475,0.2145847961966171,0.9275316212664846,0.9275316212664846
44,selection,孔隙水2,Transformer,0.29960597664417804,0.22779344826373568,0.9223755151524936,0.9223755151524936
44,selection,孔隙水2,TCN,0.3271037890831594,0.24324173707543625,0.9074729031890224,0.9074729031890224
44,selection,孔隙水2,Stacking,0.2996207616586106,0.22278269104936355,0.922367853706887,0.922367853706887
44,selection,孔隙水3,Persistence,0.17651862091408901,0.08655462184873947,0.9361684694885544,0.9361684694885544
44,selection,孔隙水3,LSTM,0.18900896117759935,0.07997893631534637,0.9268155191250961,0.9268155191250961
44,selection,孔隙水3,Transformer,0.22340741222645996,0.10229809164816739,0.8977532853396973,0.8977532853396973
44,selection,孔隙水3,TCN,0.2212822711535491,0.1156139335796922,0.899689257132769,0.899689257132769
44,selection,孔隙水3,Stacking,0.19389579048782235,0.0920171395763958,0.9229822251016869,0.9229822251016869
50,selection,裂隙水1,Persistence,0.18731052310938168,0.12683544303797423,0.9706484428893555,0.9706484428893555
50,selection,裂隙水1,LSTM,0.16003015459171435,0.11272726996691998,0.978575512505485,0.978575512505485
50,selection,裂隙水1,Transformer,0.17019448860716088,0.1212710330261203,0.975767524812579,0.975767524812579
50,selection,裂隙水1,TCN,0.24377097798436426,0.1915013893985038,0.9502869061902836,0.9502869061902836
50,selection,裂隙水1,Stacking,0.1886266490935754,0.14576403531013088,0.9702345199208356,0.9702345199208356
50,selection,裂隙水2,Persistence,0.07562119676944999,0.04590717299578081,0.9565496214562499,0.9565496214562499
50,selection,裂隙水2,LSTM,0.06622163844506355,0.037501296782386194,0.9666798985004028,0.9666798985004028
50,selection,裂隙水2,Transformer,0.0587491063503469,0.03579091897593107,0.9737753922078716,0.9737753922078716
50,selection,裂隙水2,TCN,0.07656349866949029,0.04949300432633136,0.9554600203928493,0.9554600203928493
50,selection,裂隙水2,Stacking,0.0660956784384287,0.04001161861483205,0.966806534106311,0.966806534106311
50,selection,裂隙水3,Persistence,0.12612865978264184,0.09118143459915581,0.9587308330759208,0.9587308330759208
50,selection,裂隙水3,LSTM,0.12806014941693136,0.09134491417954663,0.9574571923183268,0.9574571923183268
50,selection,裂隙水3,Transformer,0.1109941195159637,0.07877434143260773,0.968040639478025,0.968040639478025
50,selection,裂隙水3,TCN,0.14138074675712814,0.10466151068496456,0.9481464275436304,0.9481464275436304
50,selection,裂隙水3,Stacking,0.12819672618474925,0.0899464007965995,0.9573663997090478,0.9573663997090478
50,selection,岩溶水1,Persistence,0.8740520084478541,0.41553232067510637,0.8853696108255512,0.8853696108255512
50,selection,岩溶水1,LSTM,0.8178573290833137,0.38636069522679867,0.8996354558402498,0.8996354558402498
50,selection,岩溶水1,Transformer,0.8572428461974906,0.42603090997612836,0.8897361999042626,0.8897361999042626
50,selection,岩溶水1,TCN,0.8708902760024178,0.460315479555747,0.8861974222190321,0.8861974222190321
50,selection,岩溶水1,Stacking,0.8630258304111983,0.45442768130301103,0.8882434965626826,0.8882434965626826
50,selection,岩溶水2,Persistence,0.1793324909728578,0.10688122362869269,0.8357650801755623,0.8357650801755623
50,selection,岩溶水2,LSTM,0.15938075836039114,0.10565133376853147,0.870276302529676,0.870276302529676
50,selection,岩溶水2,Transformer,0.1617119469455481,0.10445404528701206,0.8664537330501713,0.8664537330501713
50,selection,岩溶水2,TCN,0.15759621757905337,0.1103403795084533,0.8731649978360757,0.8731649978360757
50,selection,岩溶水2,Stacking,0.16429786376968686,0.10689893491436092,0.8621485386948976,0.8621485386948976
50,selection,岩溶水3,Persistence,0.12466465283240098,0.07518430379747015,0.9047435015849983,0.9047435015849983
50,selection,岩溶水3,LSTM,0.11097051985847435,0.05726483542154407,0.924521512254354,0.924521512254354
50,selection,岩溶水3,Transformer,0.10766800098644971,0.05901834026279267,0.9289471915286144,0.9289471915286144
50,selection,岩溶水3,TCN,0.12708432887615767,0.07308684784243485,0.9010098576669432,0.9010098576669432
50,selection,岩溶水3,Stacking,0.11651718467078594,0.06392185110519534,0.9167876256579001,0.9167876256579001
50,selection,孔隙水1,Persistence,0.07425122803262282,0.0458181123780928,0.9403748545395337,0.9403748545395337
50,selection,孔隙水1,LSTM,0.0871020272703893,0.056704774318063395,0.9179499790417982,0.9179499790417982
50,selection,孔隙水1,Transformer,0.06922025041039317,0.042916531204472586,0.948181062721279,0.948181062721279
50,selection,孔隙水1,TCN,0.09192508930333089,0.06144542601436427,0.9086117647757253,0.9086117647757253
50,selection,孔隙水1,Stacking,0.07873403169673206,0.05012335221036917,0.9329579707162355,0.9329579707162355
50,selection,孔隙水2,Persistence,0.3274885252603724,0.23827004219409126,0.9075700137292525,0.9075700137292525
50,selection,孔隙水2,LSTM,0.2859129511652588,0.2109745329975959,0.9295488040243148,0.9295488040243148
50,selection,孔隙水2,Transformer,0.2822299384292267,0.20746495305667023,0.9313521601936909,0.9313521601936909
50,selection,孔隙水2,TCN,0.3335831471179599,0.2479320356592536,0.9040977234386197,0.9040977234386197
50,selection,孔隙水2,Stacking,0.3035965841496968,0.227733345562998,0.9205645289490947,0.9205645289490947
50,selection,孔隙水3,Persistence,0.1768321810450933,0.08662447257383966,0.936204181193166,0.936204181193166
50,selection,孔隙水3,LSTM,0.19288012693518627,0.08560308245085077,0.9240995107803291,0.9240995107803291
50,selection,孔隙水3,Transformer,0.2057725348905006,0.10338472960905994,0.9136137893329882,0.9136137893329882
50,selection,孔隙水3,TCN,0.2137327263069692,0.11771984132074116,0.9068009125892704,0.9068009125892704
50,selection,孔隙水3,Stacking,0.19380736916730154,0.0960015844678038,0.9233679962761797,0.9233679962761797
