split,lookback,model,MAE_mean,MAE_std,RMSE_mean,RMSE_std,R2_mean,R2_std,NSE_mean,NSE_std
selection,12,LSTM,0.11862758195501187,0.1012633740952333,0.20774908454592245,0.21258550464770862,0.9359057550333058,0.03431300619128185,0.9359057550333058,0.03431300619128185
selection,12,Persistence,0.12974439955445283,0.10965402770155235,0.22428742690703599,0.2274398755026684,0.9251521435439787,0.04138468537985724,0.9251521435439787,0.04138468537985724
selection,12,Stacking,0.13506602309293378,0.11738847526924535,0.21743977793412614,0.20986701264180269,0.9299317015027797,0.037739984825143284,0.9299317015027797,0.037739984825143284
selection,12,TCN,0.1452465525372989,0.1184740113627593,0.22800276216984333,0.21631191561417926,0.9224466009730877,0.029453810861030705,0.9224466009730877,0.029453810861030705
selection,12,Transformer,0.11947310476386133,0.11014308344629413,0.20697705426120222,0.21659915735890614,0.9359424619603894,0.03829249983433215,0.9359424619603894,0.03829249983433215
selection,18,LSTM,0.1223144820445621,0.10659659612145861,0.21081743670845007,0.2154181049492961,0.9348099851600185,0.0340505140745676,0.9348099851600185,0.0340505140745676
selection,18,Persistence,0.12972945029333716,0.10955485699503523,0.22438953612387597,0.22772367581260866,0.9251642661694134,0.041489912036064565,0.9251642661694134,0.041489912036064565
selection,18,Stacking,0.13557809895878403,0.12317524506964914,0.21939676707014946,0.22357398005808837,0.9302332756128993,0.03747902994426518,0.9302332756128993,0.03747902994426518
selection,18,TCN,0.14944210943122918,0.12468843101933366,0.2331524631391294,0.22277571884221414,0.9193565429833588,0.03406731951863885,0.9193565429833588,0.03406731951863885
selection,18,Transformer,0.12749137395042537,0.1300773449985667,0.2079982130319405,0.22260733237477928,0.937398518446553,0.034934337217964545,0.937398518446553,0.034934337217964545
selection,26,LSTM,0.12265213812494959,0.10271782192269721,0.21444795459064606,0.2182114103314087,0.9328859238208638,0.033523677905335905,0.9328859238208638,0.033523677905335905
selection,26,Persistence,0.131610605594425,0.11334775578516203,0.22858346825986922,0.23732682254844853,0.9236874267937465,0.042478727325402,0.9236874267937465,0.042478727325402
selection,26,Stacking,0.13612854176193373,0.11922947649675482,0.22916997270966621,0.23208752771739163,0.9221485741943618,0.04880591663137534,0.9221485741943618,0.04880591663137534
selection,26,TCN,0.1487178725608387,0.1218487618616599,0.2377475307482134,0.22965120936762343,0.9172843638510523,0.03333667860475343,0.9172843638510523,0.03333667860475343
selection,26,Transformer,0.12174863343334505,0.1138023005224496,0.21450308132974968,0.23523773623835473,0.9354201161074222,0.03607558628724241,0.9354201161074222,0.03607558628724241
selection,32,LSTM,0.12944016652508072,0.1160931460842091,0.22260869353146293,0.2331189288146176,0.9308999568852026,0.03356085189038771,0.9308999568852026,0.03356085189038771
selection,32,Persistence,0.1357788947622539,0.11845428983572769,0.23716343364198408,0.24908142666598196,0.9211803793753729,0.042481776904569245,0.9211803793753729,0.042481776904569245
selection,32,Stacking,0.13987924697805537,0.12569357077392482,0.23423250794044156,0.2431716425042296,0.9234605839559445,0.043583157320102976,0.9234605839559445,0.043583157320102976
selection,32,TCN,0.1509006944090458,0.12871206485050615,0.24282021200600998,0.2409536980202266,0.9169067974788548,0.03300908780644776,0.9169067974788548,0.03300908780644776
selection,32,Transformer,0.12657607965614218,0.12188967584294026,0.22228352522216488,0.2441998866394246,0.9321915344187062,0.03713680640236888,0.9321915344187062,0.03713680640236888
selection,38,LSTM,0.12585916593099913,0.11101737176529701,0.2197395938683798,0.2268213700541712,0.9313114025548026,0.032609873259653824,0.9313114025548026,0.032609873259653824
selection,38,Persistence,0.13580008059458828,0.11860148322490946,0.23744209747455328,0.24956381089290433,0.9212191000513352,0.04252590700025924,0.9212191000513352,0.04252590700025924
selection,38,Stacking,0.13799650373955205,0.1221718157868561,0.2300380938376144,0.23806271592324835,0.9252472642286338,0.04266820379601818,0.9252472642286338,0.04266820379601818
selection,38,TCN,0.14900150464878767,0.12107022484495406,0.2429905678341071,0.2422517737699419,0.9163989746505052,0.032039993079714835,0.9163989746505052,0.032039993079714835
selection,38,Transformer,0.1260205329403845,0.12240946681046126,0.22125217355606588,0.24385161537205832,0.9333591580916099,0.03738589418648506,0.9333591580916099,0.03738589418648506
selection,44,LSTM,0.1278471299329838,0.11726641629808221,0.2208520096390806,0.23262768675011988,0.9325081295010187,0.03384625284415831,0.9325081295010187,0.03384625284415831
selection,44,Persistence,0.1366197864769413,0.11899115054726372,0.23796460491733099,0.24969868548587915,0.9218405656440017,0.042807233928034254,0.9218405656440017,0.042807233928034254
selection,44,Stacking,0.13634487410331264,0.11977718540938494,0.23167288641000994,0.2391494042563708,0.9250402399293873,0.04248082637806296,0.9250402399293873,0.04248082637806296
selection,44,TCN,0.1531548894058017,0.12314102299769762,0.24999536359508065,0.24140013164428675,0.9126321668011202,0.03339188449929388,0.9126321668011202,0.03339188449929388
selection,44,Transformer,0.12994170242276992,0.12131876651637896,0.2244533887423526,0.24301325899472995,0.9312983992833467,0.03759275070777047,0.9312983992833467,0.03759275070777047
selection,50,LSTM,0.12712585945691524,0.10941803208638343,0.22315729501408033,0.232202704575477,0.9298604630883263,0.0338339313960426,0.9298604630883263,0.0338339313960426
selection,50,Persistence,0.13691494732002266,0.11932965037404811,0.23840905180585276,0.25021547793627774,0.92177290438551,0.0429137061107144,0.92177290438551,0.0429137061107144
selection,50,Stacking,0.14164764492058896,0.13037013415359508,0.23365532417579496,0.24656252090942768,0.9264975122881316,0.03583958180572848,0.9264975122881316,0.03583958180572848
selection,50,TCN,0.15738843492342153,0.1302147838812496,0.2507252231774302,0.24605716317785614,0.9148640036280477,0.0295446111746962,0.9148640036280477,0.0295446111746962
selection,50,Transformer,0.13101175587008831,0.12205757588536123,0.22486480359256447,0.2472487775171637,0.932874188136609,0.038152637935161986,0.932874188136609,0.038152637935161986
