dropout,split,well,model,RMSE,MAE,R2,NSE
0.0,selection,裂隙水1,Persistence,0.17702518653193453,0.11995833333333247,0.9714820614204666,0.9714820614204666
0.0,selection,裂隙水1,LSTM,0.15827106911097683,0.10922070661454555,0.977204397256342,0.977204397256342
0.0,selection,裂隙水1,Transformer,0.1412000727512957,0.09222435003869217,0.981856634526757,0.981856634526757
0.0,selection,裂隙水1,TCN,0.202105535688039,0.14758236036528274,0.9628289844993507,0.9628289844993507
0.0,selection,裂隙水1,Stacking,0.17958428956123287,0.1365362248446156,0.9706515824144085,0.9706515824144085
0.0,selection,裂隙水2,Persistence,0.07488602450835985,0.04516666666666692,0.9570182357801844,0.9570182357801844
0.0,selection,裂隙水2,LSTM,0.06501807336434282,0.0395976783029937,0.9675995622029109,0.9675995622029109
0.0,selection,裂隙水2,Transformer,0.06219626980407051,0.03686884314138546,0.9703509103178088,0.9703509103178088
0.0,selection,裂隙水2,TCN,0.07776153275690875,0.051789346805807074,0.9536539942886935,0.9536539942886935
0.0,selection,裂隙水2,Stacking,0.06132379350292992,0.0378155643746935,0.9711768984944655,0.9711768984944655
0.0,selection,裂隙水3,Persistence,0.12012493496356225,0.08791666666666641,0.9630720409181802,0.9630720409181802
0.0,selection,裂隙水3,LSTM,0.12096613481379544,0.08671064802364595,0.962553038614494,0.962553038614494
0.0,selection,裂隙水3,Transformer,0.10689766705663643,0.07617520722653003,0.9707567639892576,0.9707567639892576
0.0,selection,裂隙水3,TCN,0.14019837593873002,0.10270563072964893,0.949699194426637,0.949699194426637
0.0,selection,裂隙水3,Stacking,0.10714012026031272,0.07680935723340987,0.9706239611516992,0.9706239611516992
0.0,selection,岩溶水1,Persistence,0.7958081679564795,0.37678762500000124,0.8959581637189312,0.8959581637189312
0.0,selection,岩溶水1,LSTM,0.7491895055796571,0.35734581326521775,0.9077907277154652,0.9077907277154652
0.0,selection,岩溶水1,Transformer,0.758315868338705,0.39358027319199657,0.9055305227727235,0.9055305227727235
0.0,selection,岩溶水1,TCN,0.7724237616361933,0.3934860145888171,0.9019827588234576,0.9019827588234576
0.0,selection,岩溶水1,Stacking,0.7704070789337331,0.3959236367423671,0.9024939073449745,0.9024939073449745
0.0,selection,岩溶水2,Persistence,0.17737719511081998,0.10419870833333392,0.8376818469823498,0.8376818469823498
0.0,selection,岩溶水2,LSTM,0.15962045211198156,0.10247099823912294,0.8685536293516292,0.8685536293516292
0.0,selection,岩溶水2,Transformer,0.15781992753313207,0.0990736069437503,0.8715023440210259,0.8715023440210259
0.0,selection,岩溶水2,TCN,0.16095348070179566,0.11266291456869743,0.8663489816734874,0.8663489816734874
0.0,selection,岩溶水2,Stacking,0.17454617652774762,0.11097382997049413,0.842821837953392,0.842821837953392
0.0,selection,岩溶水3,Persistence,0.1059638303070127,0.06716666666666811,0.9186810066112293,0.9186810066112293
0.0,selection,岩溶水3,LSTM,0.08787861650376498,0.050185716314794133,0.9440702189386869,0.9440702189386869
0.0,selection,岩溶水3,Transformer,0.08938931416634498,0.04981372084249713,0.942130742851371,0.942130742851371
0.0,selection,岩溶水3,TCN,0.09610305363951979,0.05871830934136971,0.9331115592771373,0.9331115592771373
0.0,selection,岩溶水3,Stacking,0.09533563062058663,0.05601692785027008,0.9341755582767052,0.9341755582767052
0.0,selection,孔隙水1,Persistence,0.07395913941865573,0.04582871930670009,0.935223848241917,0.935223848241917
0.0,selection,孔隙水1,LSTM,0.07510179112880094,0.04801770164786247,0.9332068331508611,0.9332068331508611
0.0,selection,孔隙水1,Transformer,0.06922092966426366,0.04368893533943711,0.9432577829078072,0.9432577829078072
0.0,selection,孔隙水1,TCN,0.09039917737076693,0.0585410490633438,0.9032256189404894,0.9032256189404894
0.0,selection,孔隙水1,Stacking,0.07429723349526077,0.04584905136113176,0.9346302639789652,0.9346302639789652
0.0,selection,孔隙水2,Persistence,0.32773051683763715,0.23937499999999853,0.9075485006670239,0.9075485006670239
0.0,selection,孔隙水2,LSTM,0.29660347252507174,0.2184886144312055,0.9242761554026173,0.9242761554026173
0.0,selection,孔隙水2,Transformer,0.294679087896029,0.22282004266713618,0.9252555712846963,0.9252555712846963
0.0,selection,孔隙水2,TCN,0.309104266039226,0.23245440797944614,0.9177586575478778,0.9177586575478778
0.0,selection,孔隙水2,Stacking,0.32200700099111074,0.24066202543143903,0.9107494664189973,0.9107494664189973
0.0,selection,孔隙水3,Persistence,0.16663082948042182,0.08116666666666662,0.939812691184438,0.939812691184438
0.0,selection,孔隙水3,LSTM,0.17798154424293894,0.07351114304749741,0.9313336198309741,0.9313336198309741
0.0,selection,孔隙水3,Transformer,0.1796310790196436,0.07076206224672953,0.9300549202318755,0.9300549202318755
0.0,selection,孔隙水3,TCN,0.2024324953207331,0.10529177527845306,0.9111710211554245,0.9111710211554245
0.0,selection,孔隙水3,Stacking,0.18176254404308323,0.07749835356089262,0.9283851646347825,0.9283851646347825
0.1,selection,裂隙水1,Persistence,0.17702518653193453,0.11995833333333247,0.9714820614204666,0.9714820614204666
0.1,selection,裂隙水1,LSTM,0.15741801288189805,0.1097267460800578,0.9774494644788834,0.9774494644788834
0.1,selection,裂隙水1,Transformer,0.1453408418618358,0.09943652089263631,0.980776903290241,0.980776903290241
0.1,selection,裂隙水1,TCN,0.22223579851178918,0.1693097067775561,0.9550555527350824,0.9550555527350824
0.1,selection,裂隙水1,Stacking,0.19761522039542026,0.15324126767812202,0.9644623431039263,0.9644623431039263
0.1,selection,裂隙水2,Persistence,0.07488602450835985,0.04516666666666692,0.9570182357801844,0.9570182357801844
0.1,selection,裂隙水2,LSTM,0.06518844500097254,0.03659485468128452,0.9674295372325805,0.9674295372325805
0.1,selection,裂隙水2,Transformer,0.06286966702821417,0.0357592606729104,0.9697054150711779,0.9697054150711779
0.1,selection,裂隙水2,TCN,0.07452984650441243,0.04761412342523267,0.9574261290247391,0.9574261290247391
0.1,selection,裂隙水2,Stacking,0.06710663646467233,0.03918921571784963,0.9654845429094032,0.9654845429094032
0.1,selection,裂隙水3,Persistence,0.12012493496356225,0.08791666666666641,0.9630720409181802,0.9630720409181802
0.1,selection,裂隙水3,LSTM,0.12170116073914557,0.08719859915999753,0.9620965784500068,0.9620965784500068
0.1,selection,裂隙水3,Transformer,0.1047265164371046,0.07355664163004079,0.9719325931408701,0.9719325931408701
0.1,selection,裂隙水3,TCN,0.13366227628349614,0.09680808945750599,0.9542799516823101,0.9542799516823101
0.1,selection,裂隙水3,Stacking,0.11105473426010881,0.07851237619320213,0.9684381007401073,0.9684381007401073
0.1,selection,岩溶水1,Persistence,0.7958081679564795,0.37678762500000124,0.8959581637189312,0.8959581637189312
0.1,selection,岩溶水1,LSTM,0.7373330919947254,0.34888201817535436,0.9106861777833258,0.9106861777833258
0.1,selection,岩溶水1,Transformer,0.7900714979882375,0.4217922998165809,0.8974527511312417,0.8974527511312417
0.1,selection,岩溶水1,TCN,0.7673210040064106,0.38726582357160716,0.9032735170484814,0.9032735170484814
0.1,selection,岩溶水1,Stacking,0.7765962641506594,0.4028842149076972,0.9009209535853789,0.9009209535853789
0.1,selection,岩溶水2,Persistence,0.17737719511081998,0.10419870833333392,0.8376818469823498,0.8376818469823498
0.1,selection,岩溶水2,LSTM,0.15850980152972716,0.10107973827703039,0.8703764920020611,0.8703764920020611
0.1,selection,岩溶水2,Transformer,0.1551272562996555,0.10021358299663964,0.8758497070191964,0.8758497070191964
0.1,selection,岩溶水2,TCN,0.1602100775462034,0.1133898606253112,0.867580730585583,0.867580730585583
0.1,selection,岩溶水2,Stacking,0.20114779548983594,0.13052870611334058,0.7912617295841933,0.7912617295841933
0.1,selection,岩溶水3,Persistence,0.1059638303070127,0.06716666666666811,0.9186810066112293,0.9186810066112293
0.1,selection,岩溶水3,LSTM,0.08954066650007239,0.05127833960984844,0.9419346106359728,0.9419346106359728
0.1,selection,岩溶水3,Transformer,0.08766584739449299,0.04877254857924574,0.9443407221407146,0.9443407221407146
0.1,selection,岩溶水3,TCN,0.0959705970795716,0.05952847796221263,0.9332958137162677,0.9332958137162677
0.1,selection,岩溶水3,Stacking,0.09559315264655024,0.055555757708853314,0.9338194660590129,0.9338194660590129
0.1,selection,孔隙水1,Persistence,0.07395913941865573,0.04582871930670009,0.935223848241917,0.935223848241917
0.1,selection,孔隙水1,LSTM,0.07650597833494362,0.04934748431365244,0.9306858037212915,0.9306858037212915
0.1,selection,孔隙水1,Transformer,0.07017217191039919,0.04297414389630199,0.9416875507882247,0.9416875507882247
0.1,selection,孔隙水1,TCN,0.09696772472485726,0.06409017941897002,0.8886511191952376,0.8886511191952376
0.1,selection,孔隙水1,Stacking,0.07597668142776416,0.04722927938124707,0.9316415690248613,0.9316415690248613
0.1,selection,孔隙水2,Persistence,0.32773051683763715,0.23937499999999853,0.9075485006670239,0.9075485006670239
0.1,selection,孔隙水2,LSTM,0.28783369975923295,0.21175971258246543,0.9286878593842401,0.9286878593842401
0.1,selection,孔隙水2,Transformer,0.2893474726087833,0.21275359228549012,0.9279357983967934,0.9279357983967934
0.1,selection,孔隙水2,TCN,0.31601730836668707,0.24015077091531722,0.9140389063126433,0.9140389063126433
0.1,selection,孔隙水2,Stacking,0.3155139309484372,0.24006879621579671,0.9143125394942889,0.9143125394942889
0.1,selection,孔隙水3,Persistence,0.16663082948042182,0.08116666666666662,0.939812691184438,0.939812691184438
0.1,selection,孔隙水3,LSTM,0.18368743885580333,0.0808727478205092,0.9268603074845754,0.9268603074845754
0.1,selection,孔隙水3,Transformer,0.1848823447525741,0.07167687215911916,0.9259056498621931,0.9259056498621931
0.1,selection,孔隙水3,TCN,0.2007839522860839,0.109732476735695,0.9126119175024759,0.9126119175024759
0.1,selection,孔隙水3,Stacking,0.18033186329303272,0.07925342913559254,0.9295081103523392,0.9295081103523392
0.2,selection,裂隙水1,Persistence,0.17702518653193453,0.11995833333333247,0.9714820614204666,0.9714820614204666
0.2,selection,裂隙水1,LSTM,0.15608095459834784,0.1122633812430081,0.9778309117055891,0.9778309117055891
0.2,selection,裂隙水1,Transformer,0.1435041776770919,0.0979840794674305,0.9812596759294208,0.9812596759294208
0.2,selection,裂隙水1,TCN,0.1998779899671705,0.1492187013720655,0.9636438442930984,0.9636438442930984
0.2,selection,裂隙水1,Stacking,0.19358425316731598,0.15334791996958305,0.96589735511782,0.96589735511782
0.2,selection,裂隙水2,Persistence,0.07488602450835985,0.04516666666666692,0.9570182357801844,0.9570182357801844
0.2,selection,裂隙水2,LSTM,0.06129271200061103,0.03451236066936628,0.9712061086334292,0.9712061086334292
0.2,selection,裂隙水2,Transformer,0.05922393285497205,0.03785006559310584,0.9731170345401156,0.9731170345401156
0.2,selection,裂隙水2,TCN,0.07207768283825718,0.048117243912705256,0.960181552881372,0.960181552881372
0.2,selection,裂隙水2,Stacking,0.0604766270800696,0.03584592301518536,0.9719677595832908,0.9719677595832908
0.2,selection,裂隙水3,Persistence,0.12012493496356225,0.08791666666666641,0.9630720409181802,0.9630720409181802
0.2,selection,裂隙水3,LSTM,0.12230090429700882,0.08642084414292353,0.9617220816868266,0.9617220816868266
0.2,selection,裂隙水3,Transformer,0.10808818999385854,0.07868540235147208,0.9701017710285998,0.9701017710285998
0.2,selection,裂隙水3,TCN,0.14176365048487047,0.10545990009186887,0.9485697363355201,0.9485697363355201
0.2,selection,裂隙水3,Stacking,0.11637660141098621,0.0829759937124912,0.9653406578632435,0.9653406578632435
0.2,selection,岩溶水1,Persistence,0.7958081679564795,0.37678762500000124,0.8959581637189312,0.8959581637189312
0.2,selection,岩溶水1,LSTM,0.7528088834642676,0.3658045218468627,0.9068976389642502,0.9068976389642502
0.2,selection,岩溶水1,Transformer,0.7714070557167051,0.44451751602168676,0.9022406201912819,0.9022406201912819
0.2,selection,岩溶水1,TCN,0.7814921089663397,0.43158705133880987,0.8996677808019705,0.8996677808019705
0.2,selection,岩溶水1,Stacking,0.7860738931150689,0.41947424710731934,0.8984878631857836,0.8984878631857836
0.2,selection,岩溶水2,Persistence,0.17737719511081998,0.10419870833333392,0.8376818469823498,0.8376818469823498
0.2,selection,岩溶水2,LSTM,0.15926353533936008,0.10392472099919368,0.8691408092716404,0.8691408092716404
0.2,selection,岩溶水2,Transformer,0.1562570518963813,0.10148426833544495,0.874034742551656,0.874034742551656
0.2,selection,岩溶水2,TCN,0.1634680206384596,0.11336098947272859,0.8621403618781661,0.8621403618781661
0.2,selection,岩溶水2,Stacking,0.17067688985395263,0.11238122332913036,0.849713155138959,0.849713155138959
0.2,selection,岩溶水3,Persistence,0.1059638303070127,0.06716666666666811,0.9186810066112293,0.9186810066112293
0.2,selection,岩溶水3,LSTM,0.08802319128196763,0.04990092412862926,0.943886040182963,0.943886040182963
0.2,selection,岩溶水3,Transformer,0.08724329399414257,0.04842339499323245,0.9448759895555143,0.9448759895555143
0.2,selection,岩溶水3,TCN,0.09519612383724646,0.056565023723572,0.9343680621130276,0.9343680621130276
0.2,selection,岩溶水3,Stacking,0.09658700262301695,0.05431868636827488,0.9324361988917689,0.9324361988917689
0.2,selection,孔隙水1,Persistence,0.07395913941865573,0.04582871930670009,0.935223848241917,0.935223848241917
0.2,selection,孔隙水1,LSTM,0.07537358526604604,0.047262877662046246,0.9327225080602728,0.9327225080602728
0.2,selection,孔隙水1,Transformer,0.07395108776148923,0.04717424703068236,0.9352379513529244,0.9352379513529244
0.2,selection,孔隙水1,TCN,0.09230215399164572,0.06129916073192459,0.8991083748923889,0.8991083748923889
0.2,selection,孔隙水1,Stacking,0.07482083221387222,0.04577710359052371,0.9337056503682712,0.9337056503682712
0.2,selection,孔隙水2,Persistence,0.32773051683763715,0.23937499999999853,0.9075485006670239,0.9075485006670239
0.2,selection,孔隙水2,LSTM,0.29758629469478415,0.22011191491974624,0.9237734884825657,0.9237734884825657
0.2,selection,孔隙水2,Transformer,0.29053425417229534,0.21467536190262823,0.9273434320093313,0.9273434320093313
0.2,selection,孔隙水2,TCN,0.34091455918344016,0.2600288813559383,0.8999605511472647,0.8999605511472647
0.2,selection,孔隙水2,Stacking,0.29852463172144,0.2363438582989829,0.9232920219222014,0.9232920219222014
0.2,selection,孔隙水3,Persistence,0.16663082948042182,0.08116666666666662,0.939812691184438,0.939812691184438
0.2,selection,孔隙水3,LSTM,0.1846268694336576,0.08062879278928298,0.9261102794526294,0.9261102794526294
0.2,selection,孔隙水3,Transformer,0.1817748732205284,0.07662802985814512,0.9283754488601333,0.9283754488601333
0.2,selection,孔隙水3,TCN,0.20537576779894434,0.11510755890214745,0.9085691804535299,0.9085691804535299
0.2,selection,孔隙水3,Stacking,0.18272022520911022,0.08153596920982978,0.9276285196442046,0.9276285196442046
0.3,selection,裂隙水1,Persistence,0.17702518653193453,0.11995833333333247,0.9714820614204666,0.9714820614204666
0.3,selection,裂隙水1,LSTM,0.1545707542131222,0.10869828607758976,0.9782578413695848,0.9782578413695848
0.3,selection,裂隙水1,Transformer,0.14272852543840697,0.09840638878860138,0.9814617145106984,0.9814617145106984
0.3,selection,裂隙水1,TCN,0.22280757523521405,0.1708443417134994,0.9548239856553873,0.9548239856553873
0.3,selection,裂隙水1,Stacking,0.19576016471048283,0.15367241571877532,0.9651264104720979,0.9651264104720979
0.3,selection,裂隙水2,Persistence,0.07488602450835985,0.04516666666666692,0.9570182357801844,0.9570182357801844
0.3,selection,裂隙水2,LSTM,0.0679025770171451,0.04107458089850174,0.9646609232101764,0.9646609232101764
0.3,selection,裂隙水2,Transformer,0.060487407749434674,0.03675237141669037,0.9719577645400485,0.9719577645400485
0.3,selection,裂隙水2,TCN,0.07477536622384613,0.04888165012189252,0.9571451693213023,0.9571451693213023
0.3,selection,裂隙水2,Stacking,0.06374730543356125,0.03747428242469984,0.9688537080437706,0.9688537080437706
0.3,selection,裂隙水3,Persistence,0.12012493496356225,0.08791666666666641,0.9630720409181802,0.9630720409181802
0.3,selection,裂隙水3,LSTM,0.11992331834233291,0.08744330934694572,0.9631958960076622,0.9631958960076622
0.3,selection,裂隙水3,Transformer,0.108094406528943,0.07824398374260338,0.9700983318233692,0.9700983318233692
0.3,selection,裂隙水3,TCN,0.13818926721911629,0.10429848769330323,0.9511305329746049,0.9511305329746049
0.3,selection,裂隙水3,Stacking,0.11816466474289651,0.08489388181275241,0.964267431982043,0.964267431982043
0.3,selection,岩溶水1,Persistence,0.7958081679564795,0.37678762500000124,0.8959581637189312,0.8959581637189312
0.3,selection,岩溶水1,LSTM,0.7641178052578425,0.3726590793177721,0.9040794051780269,0.9040794051780269
0.3,selection,岩溶水1,Transformer,0.7653545969268802,0.3856043875127862,0.9037686420958273,0.9037686420958273
0.3,selection,岩溶水1,TCN,0.7902239254644112,0.44072426815010934,0.897413178697077,0.897413178697077
0.3,selection,岩溶水1,Stacking,0.7938511425400152,0.4170782668819657,0.8964692470868684,0.8964692470868684
0.3,selection,岩溶水2,Persistence,0.17737719511081998,0.10419870833333392,0.8376818469823498,0.8376818469823498
0.3,selection,岩溶水2,LSTM,0.15969473585196786,0.10857802304178842,0.8684312565611926,0.8684312565611926
0.3,selection,岩溶水2,Transformer,0.15483941678428748,0.09965047288210868,0.8763100027458529,0.8763100027458529
0.3,selection,岩溶水2,TCN,0.1671495396665426,0.11636718571970471,0.8558608701528181,0.8558608701528181
0.3,selection,岩溶水2,Stacking,0.17720116147698436,0.11827180021767608,0.8380038644297948,0.8380038644297948
0.3,selection,岩溶水3,Persistence,0.1059638303070127,0.06716666666666811,0.9186810066112293,0.9186810066112293
0.3,selection,岩溶水3,LSTM,0.08829427676930761,0.04977473633686979,0.9435398790482085,0.9435398790482085
0.3,selection,岩溶水3,Transformer,0.0895250467461633,0.05016247578143122,0.9419548670852681,0.9419548670852681
0.3,selection,岩溶水3,TCN,0.10112696826892706,0.06359232606705234,0.9259354016275343,0.9259354016275343
0.3,selection,岩溶水3,Stacking,0.09420588845091125,0.05448429368085002,0.935726374708345,0.935726374708345
0.3,selection,孔隙水1,Persistence,0.07395913941865573,0.04582871930670009,0.935223848241917,0.935223848241917
0.3,selection,孔隙水1,LSTM,0.07926107984920747,0.0502886596702392,0.9256036866069833,0.9256036866069833
0.3,selection,孔隙水1,Transformer,0.07124967152748454,0.04464707609611344,0.9398830168098218,0.9398830168098218
0.3,selection,孔隙水1,TCN,0.09402621961913687,0.06220253442911747,0.8953041670882305,0.8953041670882305
0.3,selection,孔隙水1,Stacking,0.07697998261483091,0.04790672539690656,0.9298242499929915,0.9298242499929915
0.3,selection,孔隙水2,Persistence,0.32773051683763715,0.23937499999999853,0.9075485006670239,0.9075485006670239
0.3,selection,孔隙水2,LSTM,0.295200252694478,0.21553554901723995,0.9249909538510891,0.9249909538510891
0.3,selection,孔隙水2,Transformer,0.29192516367552557,0.2174347902856996,0.9266460917495641,0.9266460917495641
0.3,selection,孔隙水2,TCN,0.32047333291847785,0.24298487443518296,0.9115976139619001,0.9115976139619001
0.3,selection,孔隙水2,Stacking,0.3167236268385477,0.23814450162953094,0.9136542200397595,0.9136542200397595
0.3,selection,孔隙水3,Persistence,0.16663082948042182,0.08116666666666662,0.939812691184438,0.939812691184438
0.3,selection,孔隙水3,LSTM,0.18452126501158003,0.08150799152814242,0.926194783399687,0.926194783399687
0.3,selection,孔隙水3,Transformer,0.1939820150481738,0.08346848809276466,0.9184325011926792,0.9184325011926792
0.3,selection,孔隙水3,TCN,0.2077115821716078,0.11179260452562782,0.90647760067398,0.90647760067398
0.3,selection,孔隙水3,Stacking,0.18497187563559592,0.08451551950666238,0.9258338708199597,0.9258338708199597
0.4,selection,裂隙水1,Persistence,0.17702518653193453,0.11995833333333247,0.9714820614204666,0.9714820614204666
0.4,selection,裂隙水1,LSTM,0.169084527235864,0.11942533735783793,0.9739830882961732,0.9739830882961732
0.4,selection,裂隙水1,Transformer,0.14568485585624513,0.10027092033320693,0.9806857955117986,0.9806857955117986
0.4,selection,裂隙水1,TCN,0.22403824266143912,0.1728929114246289,0.9543235521130051,0.9543235521130051
0.4,selection,裂隙水1,Stacking,0.20556705253591476,0.16152611198408262,0.9615448043028495,0.9615448043028495
0.4,selection,裂隙水2,Persistence,0.07488602450835985,0.04516666666666692,0.9570182357801844,0.9570182357801844
0.4,selection,裂隙水2,LSTM,0.07121130707313354,0.04120739158489262,0.9611330375671295,0.9611330375671295
0.4,selection,裂隙水2,Transformer,0.06267098031903862,0.040006936269128344,0.9698965921698741,0.9698965921698741
0.4,selection,裂隙水2,TCN,0.07744866706763699,0.0509683621597168,0.9540261810168517,0.9540261810168517
0.4,selection,裂隙水2,Stacking,0.06930158375509823,0.04107290964044417,0.963189729789751,0.963189729789751
0.4,selection,裂隙水3,Persistence,0.12012493496356225,0.08791666666666641,0.9630720409181802,0.9630720409181802
0.4,selection,裂隙水3,LSTM,0.12241059380237763,0.08650989350856478,0.9616533893281917,0.9616533893281917
0.4,selection,裂隙水3,Transformer,0.10210404041691061,0.06904510086538582,0.9733206753940886,0.9733206753940886
0.4,selection,裂隙水3,TCN,0.13966370979276846,0.09853133921952507,0.9500821211958508,0.9500821211958508
0.4,selection,裂隙水3,Stacking,0.11678628677518765,0.08315148494793204,0.9650962029050166,0.9650962029050166
0.4,selection,岩溶水1,Persistence,0.7958081679564795,0.37678762500000124,0.8959581637189312,0.8959581637189312
0.4,selection,岩溶水1,LSTM,0.75255642686418,0.36004501607393896,0.9069600727769365,0.9069600727769365
0.4,selection,岩溶水1,Transformer,0.7892942213906327,0.4008019388859071,0.8976544249507012,0.8976544249507012
0.4,selection,岩溶水1,TCN,0.7546016982463072,0.4011814953683777,0.906453664279025,0.906453664279025
0.4,selection,岩溶水1,Stacking,0.7446617811804078,0.39026218566410026,0.9089018927662865,0.9089018927662865
0.4,selection,岩溶水2,Persistence,0.17737719511081998,0.10419870833333392,0.8376818469823498,0.8376818469823498
0.4,selection,岩溶水2,LSTM,0.15836716710449764,0.1063253231026304,0.8706096694567727,0.8706096694567727
0.4,selection,岩溶水2,Transformer,0.1533521535951286,0.09815139838475086,0.8786747248499712,0.8786747248499712
0.4,selection,岩溶水2,TCN,0.16171502550479117,0.11247238584866939,0.8650812610270294,0.8650812610270294
0.4,selection,岩溶水2,Stacking,0.1648839308955804,0.10535438373828043,0.8597418224835293,0.8597418224835293
0.4,selection,岩溶水3,Persistence,0.1059638303070127,0.06716666666666811,0.9186810066112293,0.9186810066112293
0.4,selection,岩溶水3,LSTM,0.08893826480004287,0.05094368889622937,0.9427132741811091,0.9427132741811091
0.4,selection,岩溶水3,Transformer,0.09066523893569867,0.05388069827835101,0.940466924640228,0.940466924640228
0.4,selection,岩溶水3,TCN,0.10185770234886017,0.06205304878767232,0.9248611666210341,0.9248611666210341
0.4,selection,岩溶水3,Stacking,0.09600652992427586,0.05584558714374026,0.9332458542505098,0.9332458542505098
0.4,selection,孔隙水1,Persistence,0.07395913941865573,0.04582871930670009,0.935223848241917,0.935223848241917
0.4,selection,孔隙水1,LSTM,0.0751260395556135,0.04782181236960259,0.933163694614169,0.933163694614169
0.4,selection,孔隙水1,Transformer,0.07262607466434264,0.04605558673761324,0.93753789887372,0.93753789887372
0.4,selection,孔隙水1,TCN,0.09549108838454408,0.06374828484112414,0.8920165665473301,0.8920165665473301
0.4,selection,孔隙水1,Stacking,0.07534590175648957,0.047794235394131294,0.9327719188732383,0.9327719188732383
0.4,selection,孔隙水2,Persistence,0.32773051683763715,0.23937499999999853,0.9075485006670239,0.9075485006670239
0.4,selection,孔隙水2,LSTM,0.3027765916976173,0.224126241732741,0.9210913188572931,0.9210913188572931
0.4,selection,孔隙水2,Transformer,0.2958560159519348,0.22054387347221435,0.9246573307613344,0.9246573307613344
0.4,selection,孔隙水2,TCN,0.3088052915097212,0.23696885731297807,0.9179176729884476,0.9179176729884476
0.4,selection,孔隙水2,Stacking,0.30822001109542135,0.23235263687561722,0.9182285203302593,0.9182285203302593
0.4,selection,孔隙水3,Persistence,0.16663082948042182,0.08116666666666662,0.939812691184438,0.939812691184438
0.4,selection,孔隙水3,LSTM,0.17997305356181592,0.07650441719479163,0.9297883493778764,0.9297883493778764
0.4,selection,孔隙水3,Transformer,0.18765697079903054,0.07456579213087237,0.9236650165748362,0.9236650165748362
0.4,selection,孔隙水3,TCN,0.2001921482916577,0.10551147525407979,0.9131263052232033,0.9131263052232033
0.4,selection,孔隙水3,Stacking,0.18205058041700287,0.07872615686310412,0.9281580108854607,0.9281580108854607
0.5,selection,裂隙水1,Persistence,0.17702518653193453,0.11995833333333247,0.9714820614204666,0.9714820614204666
0.5,selection,裂隙水1,LSTM,0.17605739256876168,0.12723777279199075,0.9717930233389249,0.9717930233389249
0.5,selection,裂隙水1,Transformer,0.16269751134924365,0.12513925436069873,0.9759114960792666,0.9759114960792666
0.5,selection,裂隙水1,TCN,0.24944646369854276,0.1882631681591621,0.9433757176350216,0.9433757176350216
0.5,selection,裂隙水1,Stacking,0.2061108951365372,0.16219015111524868,0.9613410631140965,0.9613410631140965
0.5,selection,裂隙水2,Persistence,0.07488602450835985,0.04516666666666692,0.9570182357801844,0.9570182357801844
0.5,selection,裂隙水2,LSTM,0.06790499645044812,0.03901689399127181,0.9646584048355793,0.9646584048355793
0.5,selection,裂隙水2,Transformer,0.06448843242025926,0.042754569178867996,0.968125283805258,0.968125283805258
0.5,selection,裂隙水2,TCN,0.08341636498167213,0.05622815525583237,0.9466683270023819,0.9466683270023819
0.5,selection,裂隙水2,Stacking,0.0705193247005765,0.04217924941966977,0.9618847321847012,0.9618847321847012
0.5,selection,裂隙水3,Persistence,0.12012493496356225,0.08791666666666641,0.9630720409181802,0.9630720409181802
0.5,selection,裂隙水3,LSTM,0.11847533434826624,0.08487288419555068,0.9640792942538274,0.9640792942538274
0.5,selection,裂隙水3,Transformer,0.11236451447054246,0.08424886715759237,0.9676892280615913,0.9676892280615913
0.5,selection,裂隙水3,TCN,0.15035438228171766,0.11582877228332802,0.9421476298458219,0.9421476298458219
0.5,selection,裂隙水3,Stacking,0.11013097170435122,0.08282630523691807,0.9689609859847814,0.9689609859847814
0.5,selection,岩溶水1,Persistence,0.7958081679564795,0.37678762500000124,0.8959581637189312,0.8959581637189312
0.5,selection,岩溶水1,LSTM,0.7533501488512107,0.3651534886303087,0.9067637106784601,0.9067637106784601
0.5,selection,岩溶水1,Transformer,0.7769187333282557,0.41114630135347,0.9008386545235884,0.9008386545235884
0.5,selection,岩溶水1,TCN,0.8035368404342446,0.4787063064667045,0.8939274987044049,0.8939274987044049
0.5,selection,岩溶水1,Stacking,0.7872090285485853,0.437517638335378,0.8981944728981903,0.8981944728981903
0.5,selection,岩溶水2,Persistence,0.17737719511081998,0.10419870833333392,0.8376818469823498,0.8376818469823498
0.5,selection,岩溶水2,LSTM,0.1590567350303909,0.10565565666467833,0.8694804243816805,0.8694804243816805
0.5,selection,岩溶水2,Transformer,0.15113128208405843,0.09620681541398686,0.8821633847287,0.8821633847287
0.5,selection,岩溶水2,TCN,0.16528821835121116,0.11415837876749133,0.859053166652587,0.859053166652587
0.5,selection,岩溶水2,Stacking,0.18116100112099476,0.11545139943216659,0.8306828498083716,0.8306828498083716
0.5,selection,岩溶水3,Persistence,0.1059638303070127,0.06716666666666811,0.9186810066112293,0.9186810066112293
0.5,selection,岩溶水3,LSTM,0.08821050591192693,0.051678945039764085,0.943646963430366,0.943646963430366
0.5,selection,岩溶水3,Transformer,0.08957380822589797,0.05269052793790863,0.941891619145589,0.941891619145589
0.5,selection,岩溶水3,TCN,0.10270853873361126,0.06611383745302485,0.9236006263764205,0.9236006263764205
0.5,selection,岩溶水3,Stacking,0.09518281413376284,0.05522500902937513,0.9343864132922702,0.9343864132922702
0.5,selection,孔隙水1,Persistence,0.07395913941865573,0.04582871930670009,0.935223848241917,0.935223848241917
0.5,selection,孔隙水1,LSTM,0.08253174265499165,0.05360020708926546,0.9193371660442309,0.9193371660442309
0.5,selection,孔隙水1,Transformer,0.07120454462641149,0.042889707174786136,0.9399591444318053,0.9399591444318053
0.5,selection,孔隙水1,TCN,0.09208550732074945,0.061826659085106726,0.8995814339053683,0.8995814339053683
0.5,selection,孔隙水1,Stacking,0.07560938201226511,0.04723746833927548,0.9323009113535136,0.9323009113535136
0.5,selection,孔隙水2,Persistence,0.32773051683763715,0.23937499999999853,0.9075485006670239,0.9075485006670239
0.5,selection,孔隙水2,LSTM,0.2876281540452244,0.21180036487504594,0.9287896728353701,0.9287896728353701
0.5,selection,孔隙水2,Transformer,0.29795541095996725,0.22529818620744824,0.9235842734850849,0.9235842734850849
0.5,selection,孔隙水2,TCN,0.30234720444604635,0.22645247310798478,0.9213149712613469,0.9213149712613469
0.5,selection,孔隙水2,Stacking,0.32161343636184414,0.24718204839749874,0.9109675013513141,0.9109675013513141
0.5,selection,孔隙水3,Persistence,0.16663082948042182,0.08116666666666662,0.939812691184438,0.939812691184438
0.5,selection,孔隙水3,LSTM,0.19013326496241853,0.08212709216776351,0.9216371135845138,0.9216371135845138
0.5,selection,孔隙水3,Transformer,0.19225951009376466,0.07994646536842863,0.9198746618894036,0.9198746618894036
0.5,selection,孔隙水3,TCN,0.20565906275400408,0.11199361665334576,0.9083167674770444,0.9083167674770444
0.5,selection,孔隙水3,Stacking,0.18613236328939126,0.08324601183220211,0.9249003357191219,0.9249003357191219
