split,aquifer_type,well,model,RMSE,MAE,R2,NSE,n_points,actual_range,actual_abs_mean,NRMSE_range,NRMSE_range_percent,NRMSE_mean,NRMSE_mean_percent,PICP95,MPIW95,TAU_INIT
selection,裂隙水,裂隙水2,LSTM,0.19542747525941528,0.1436286314062068,0.967254923714739,0.967254923714739,138,4.639999999999986,303.8561594202898,0.04211799035763273,4.211799035763273,0.0006431578534799507,0.06431578534799506,,,
selection,裂隙水,裂隙水2,Transformer,0.17849264194794923,0.12413213457358757,0.9726841072230803,0.9726841072230803,138,4.639999999999986,303.8561594202898,0.038468241799127105,3.8468241799127103,0.0005874247943121685,0.05874247943121685,,,
selection,裂隙水,裂隙水2,TCN,0.19564720321026138,0.15021104300764854,0.9671812487789125,0.9671812487789125,138,4.639999999999986,303.8561594202898,0.04216534551945301,4.216534551945301,0.0006438809849486867,0.06438809849486868,,,
selection,裂隙水,裂隙水2,DynamicGatedStacking,0.1701141496543624,0.1216271303623479,0.9751883503018306,0.9751883503018306,138,4.639999999999986,303.8561594202898,0.03666253225309545,3.666253225309545,0.0005598509175489931,0.05598509175489931,,,
test,裂隙水,裂隙水2,LSTM,0.19240622892539844,0.14594578250644974,0.8587238547246433,0.8587238547246433,71,1.8199999999999932,303.2730985915493,0.10571770820076877,10.571770820076877,0.0006344322322651266,0.06344322322651266,0.8450704225352113,0.4877057884891896,0.21570951258330695
test,裂隙水,裂隙水2,Transformer,0.17824210659220685,0.11735567556832979,0.8787585298486886,0.8787585298486886,71,1.8199999999999932,303.2730985915493,0.09793522340231182,9.793522340231183,0.000587728049141163,0.058772804914116294,0.8732394366197183,0.4502363121942342,0.21570951258330695
test,裂隙水,裂隙水2,TCN,0.22480974508098056,0.1870625275481131,0.8071317021898365,0.8071317021898365,71,1.8199999999999932,303.2730985915493,0.12352183795658318,12.352183795658318,0.0007412782278581068,0.07412782278581068,0.7605633802816901,0.5521059417302275,0.21570951258330695
test,裂隙水,裂隙水2,DynamicGatedStacking,0.17672090224331635,0.12221374945796441,0.8808191656292784,0.8808191656292784,71,1.8199999999999932,303.2730985915493,0.09709939683698737,9.709939683698737,0.0005827120937004885,0.05827120937004886,0.8169014084507042,0.4400931006721406,0.21570951258330695
future_holdout,裂隙水,裂隙水2,LSTM,0.6695929195929378,0.4873982504242207,0.49122130398809194,0.49122130398809194,52,2.730000000000018,302.7888461538462,0.24527213171902318,24.527213171902318,0.0022114187100958117,0.22114187100958116,0.34615384615384615,0.43919423860248885,0.21570951258330695
future_holdout,裂隙水,裂隙水2,Transformer,0.6488898788036499,0.4685357063467826,0.5221966251819234,0.5221966251819234,52,2.730000000000018,302.7888461538462,0.23768860029437566,23.768860029437565,0.002143044194150899,0.2143044194150899,0.40384615384615385,0.4223336072373999,0.21570951258330695
future_holdout,裂隙水,裂隙水2,TCN,0.9108720007461069,0.7129759197621997,0.058496546127055904,0.058496546127055904,52,2.730000000000018,302.7888461538462,0.33365274752604424,33.36527475260442,0.0030082746188190013,0.3008274618819001,0.23076923076923078,0.5038012429469894,0.21570951258330695
future_holdout,裂隙水,裂隙水2,DynamicGatedStacking,0.7179313261020369,0.5280810751979153,0.41511158421706507,0.41511158421706507,52,2.730000000000018,302.7888461538462,0.2629785077296821,26.29785077296821,0.002371062657100843,0.2371062657100843,0.3269230769230769,0.39610662747034336,0.21570951258330695
selection,裂隙水,裂隙水3,LSTM,0.11341762026537283,0.09331893090057995,0.9485909954368308,0.9485909954368308,138,1.7800000000000011,185.90217391304347,0.06371776419402964,6.371776419402964,0.000610093028381822,0.0610093028381822,,,
selection,裂隙水,裂隙水3,Transformer,0.07304442841679032,0.05660390880929026,0.9786768027983415,0.9786768027983415,138,1.7800000000000011,185.90217391304347,0.04103619573976982,4.103619573976982,0.00039291863499647486,0.039291863499647486,,,
selection,裂隙水,裂隙水3,TCN,0.11953965810854313,0.09363163238055344,0.9428913160472764,0.9428913160472764,138,1.7800000000000011,185.90217391304347,0.0671571112969343,6.71571112969343,0.0006430245305493754,0.06430245305493755,,,
selection,裂隙水,裂隙水3,DynamicGatedStacking,0.08315655338318877,0.06597531810436923,0.9723642602169827,0.9723642602169827,138,1.7800000000000011,185.90217391304347,0.046717164822016134,4.671716482201614,0.00044731350706036176,0.04473135070603618,,,
test,裂隙水,裂隙水3,LSTM,0.10268731931583605,0.08385431033946694,0.873737968166789,0.873737968166789,71,1.3499999999999943,186.1540845070422,0.0760646809746937,7.60646809746937,0.0005516253891917767,0.05516253891917767,0.9859154929577465,0.5161455528610343,0.36247234421116703
test,裂隙水,裂隙水3,Transformer,0.06718973526932033,0.05072268074987528,0.9459438637616288,0.9459438637616288,71,1.3499999999999943,186.1540845070422,0.049770174273570826,4.977017427357082,0.00036093613227583277,0.036093613227583275,1.0,0.42740842097095255,0.36247234421116703
test,裂隙水,裂隙水3,TCN,0.11160631670697235,0.08971255897889753,0.8508522549604552,0.8508522549604552,71,1.3499999999999943,186.1540845070422,0.08267134570886876,8.267134570886876,0.0005995372973014207,0.05995372973014207,0.9859154929577465,0.51483629915165,0.36247234421116703
test,裂隙水,裂隙水3,DynamicGatedStacking,0.07198374632912984,0.05520725210808939,0.937954822503985,0.937954822503985,71,1.3499999999999943,186.1540845070422,0.05332129357713344,5.3321293577133435,0.000386689051275728,0.038668905127572796,1.0,0.4549882082528023,0.36247234421116703
future_holdout,裂隙水,裂隙水3,LSTM,0.26288606075036364,0.2388400627159048,0.858713186775022,0.858713186775022,52,2.0,185.6351923076923,0.13144303037518182,13.144303037518181,0.0014161434450135253,0.14161434450135252,0.5,0.5042432767437438,0.36247234421116703
future_holdout,裂隙水,裂隙水3,Transformer,0.22987134179298915,0.19616008350888647,0.8919720402673862,0.8919720402673862,52,2.0,185.6351923076923,0.11493567089649458,11.493567089649458,0.0012382961384389602,0.12382961384389603,0.5576923076923077,0.4033131388722178,0.36247234421116703
future_holdout,裂隙水,裂隙水3,TCN,0.2426756099915133,0.19956604298731243,0.8796021387936646,0.8796021387936646,52,2.0,185.6351923076923,0.12133780499575665,12.133780499575666,0.0013072715737502828,0.13072715737502827,0.6923076923076923,0.5097872835177919,0.36247234421116703
future_holdout,裂隙水,裂隙水3,DynamicGatedStacking,0.23041379752971683,0.19876816560181637,0.8914615849030633,0.8914615849030633,52,2.0,185.6351923076923,0.11520689876485841,11.520689876485841,0.0012412182984560573,0.12412182984560573,0.5961538461538461,0.43469316055182305,0.36247234421116703
selection,岩溶水,岩溶水5,LSTM,0.4162289081588052,0.24256894525920422,0.8603854407143177,0.8603854407143177,138,5.220000000000027,430.7046195652174,0.07973733872774004,7.973733872774004,0.0009663906288699086,0.09663906288699087,,,
selection,岩溶水,岩溶水5,Transformer,0.3970702123537044,0.21523534323540122,0.8729423418447607,0.8729423418447607,138,5.220000000000027,430.7046195652174,0.076067090489215,7.6067090489215,0.0009219084131359773,0.09219084131359773,,,
selection,岩溶水,岩溶水5,TCN,0.41376203143731,0.2614258330974918,0.862035452432452,0.862035452432452,138,5.220000000000027,430.7046195652174,0.07926475698032717,7.926475698032717,0.0009606630916914465,0.09606630916914465,,,
selection,岩溶水,岩溶水5,DynamicGatedStacking,0.39418402362949656,0.21938702792204448,0.8747827197211158,0.8747827197211158,138,5.220000000000027,430.7046195652174,0.07551418077193381,7.5514180771933805,0.0009152073270711905,0.09152073270711905,,,
test,岩溶水,岩溶水5,LSTM,0.3189897518627222,0.24942271871310756,0.7135388963197742,0.7135388963197742,71,2.8600000000000136,430.2881690140846,0.11153487827367857,11.153487827367856,0.0007413398155789887,0.07413398155789887,0.9295774647887324,1.6766839562311877,0.26076199125988975
test,岩溶水,岩溶水5,Transformer,0.2907862229594566,0.2220880772201853,0.7619545678920031,0.7619545678920031,71,2.8600000000000136,430.2881690140846,0.10167350453127805,10.167350453127804,0.0006757941396012176,0.06757941396012176,0.9154929577464789,1.5113234348469955,0.26076199125988975
test,岩溶水,岩溶水5,TCN,0.31003573606099794,0.2300070738968069,0.7293950665268163,0.7293950665268163,71,2.8600000000000136,430.2881690140846,0.10840410351783093,10.840410351783094,0.0007205304686191583,0.07205304686191583,0.9295774647887324,1.6188287297825579,0.26076199125988975
test,岩溶水,岩溶水5,DynamicGatedStacking,0.2965304199124725,0.22670207375314552,0.7524569688905093,0.7524569688905093,71,2.8600000000000136,430.2881690140846,0.10368196500436051,10.368196500436051,0.0006891437907575055,0.06891437907575056,0.9295774647887324,1.5456005621364604,0.26076199125988975
future_holdout,岩溶水,岩溶水5,LSTM,0.33447412797570075,0.23256079188129336,0.8626443298871912,0.8626443298871912,52,2.8899999999999864,430.47076923076924,0.11573499237913576,11.573499237913577,0.0007769961444150786,0.07769961444150786,0.9230769230769231,1.2242383074557102,0.26076199125988975
future_holdout,岩溶水,岩溶水5,Transformer,0.3867324704662617,0.25836045398546703,0.8163703499363485,0.8163703499363485,52,2.8899999999999864,430.47076923076924,0.13381746382915694,13.381746382915694,0.0008983942653233673,0.08983942653233673,0.8269230769230769,1.120103275245067,0.26076199125988975
future_holdout,岩溶水,岩溶水5,TCN,0.40776440854683416,0.27407930836669764,0.7958543342816145,0.7958543342816145,52,2.8899999999999864,430.47076923076924,0.14109495105426853,14.109495105426854,0.0009472522589059641,0.09472522589059641,0.8846153846153846,1.2136214194640702,0.26076199125988975
future_holdout,岩溶水,岩溶水5,DynamicGatedStacking,0.33743034969989216,0.22750299799592383,0.8602055866886417,0.8602055866886417,52,2.8899999999999864,430.47076923076924,0.11675790647055147,11.675790647055146,0.0007838635601271235,0.07838635601271235,0.8846153846153846,1.136565142518595,0.26076199125988975
selection,裂隙水,裂隙水1,LSTM,0.6215814887573791,0.3988563122937375,0.8408703401036572,0.8408703401036572,138,6.929039999999986,196.3614404347826,0.08970672542767545,8.970672542767545,0.0031654966849961794,0.31654966849961796,,,
selection,裂隙水,裂隙水1,Transformer,0.5860479748036463,0.3450526891187482,0.8585440144238463,0.8585440144238463,138,6.929039999999986,196.3614404347826,0.08457852383644018,8.457852383644019,0.002984536951379159,0.29845369513791586,,,
selection,裂隙水,裂隙水1,TCN,0.6137257199551115,0.3859723225346647,0.844867197554309,0.844867197554309,138,6.929039999999986,196.3614404347826,0.08857297980024834,8.857297980024834,0.0031254900075911177,0.3125490007591118,,,
selection,裂隙水,裂隙水1,DynamicGatedStacking,0.5841371393351721,0.35688125250985286,0.8594649576398664,0.8594649576398664,138,6.929039999999986,196.3614404347826,0.08430275180041871,8.430275180041871,0.0029748057360028442,0.2974805736002844,,,
test,裂隙水,裂隙水1,LSTM,0.3904468323224604,0.31493429571922826,0.8388372160150392,0.8388372160150392,71,4.359559999999988,195.74704767605635,0.0895610640345497,8.95610640345497,0.00199464991660367,0.199464991660367,1.0,2.5887234033034194,0.30005628913277815
test,裂隙水,裂隙水1,Transformer,0.3608733222104151,0.2796722117245015,0.8623264507002071,0.8623264507002071,71,4.359559999999988,195.74704767605635,0.08277746428777587,8.277746428777586,0.0018435696808445756,0.18435696808445756,0.9577464788732394,1.74286234661832,0.30005628913277815
test,裂隙水,裂隙水1,TCN,0.4563496957638704,0.3696361820771593,0.7798409796437746,0.7798409796437746,71,4.359559999999988,195.74704767605635,0.10467792524104995,10.467792524104995,0.0023313235176812878,0.23313235176812877,0.9859154929577465,2.476383110050308,0.30005628913277815
test,裂隙水,裂隙水1,DynamicGatedStacking,0.37799856549807526,0.29890893957747106,0.8489498166402865,0.8489498166402865,71,4.359559999999988,195.74704767605635,0.08670566880558504,8.670566880558503,0.001931056278936215,0.1931056278936215,0.9859154929577465,2.22617842599013,0.30005628913277815
future_holdout,裂隙水,裂隙水1,LSTM,0.5495438214492416,0.4487404399981368,0.8250875155508619,0.8250875155508619,52,4.3799999999999955,195.64932942307692,0.12546662590165347,12.546662590165347,0.002808820367898602,0.2808820367898602,1.0,2.5890317000409557,0.30005628913277815
future_holdout,裂隙水,裂隙水1,Transformer,0.6381835819855504,0.5059637395311278,0.7641111548484327,0.7641111548484327,52,4.3799999999999955,195.64932942307692,0.14570401415195228,14.570401415195228,0.0032618746195931317,0.32618746195931314,0.7884615384615384,1.7346443664674998,0.30005628913277815
future_holdout,裂隙水,裂隙水1,TCN,0.5780351477353398,0.4625590170431463,0.8064805401651456,0.8064805401651456,52,4.3799999999999955,195.64932942307692,0.1319714949167444,13.19714949167444,0.002954444819411481,0.2954444819411481,0.9423076923076923,2.468056128388951,0.30005628913277815
future_holdout,裂隙水,裂隙水1,DynamicGatedStacking,0.5576863373157953,0.4570013958605345,0.819865806498564,0.819865806498564,52,4.3799999999999955,195.64932942307692,0.1273256477889945,12.73256477889945,0.0028504382762786816,0.2850438276278682,0.9230769230769231,2.213564988543886,0.30005628913277815
selection,岩溶水,岩溶水1,LSTM,1.2385730272303532,0.8302509094613034,0.8568399268880303,0.8568399268880303,138,16.039999999999964,461.56492753623183,0.07721776977745362,7.721776977745362,0.0026834210169340215,0.26834210169340217,,,
selection,岩溶水,岩溶水1,Transformer,1.1313126827568318,0.7519792971502077,0.8805615971676981,0.8805615971676981,138,16.039999999999964,461.56492753623183,0.07053071588259566,7.053071588259566,0.002451036929507661,0.24510369295076612,,,
selection,岩溶水,岩溶水1,TCN,1.1727013781620463,0.8060828368868591,0.8716625084161342,0.8716625084161342,138,16.039999999999964,461.56492753623183,0.0731110584889058,7.31110584889058,0.002540707294251667,0.2540707294251667,,,
selection,岩溶水,岩溶水1,DynamicGatedStacking,1.1345217860550227,0.7449461288937869,0.8798830335796736,0.8798830335796736,138,16.039999999999964,461.56492753623183,0.07073078466677216,7.073078466677216,0.002457989587967481,0.2457989587967481,,,
test,岩溶水,岩溶水1,LSTM,0.7887468554916044,0.5408902257331054,0.799048027764378,0.799048027764378,71,9.25,460.38309859154924,0.08526993032341669,8.52699303234167,0.0017132402512268997,0.17132402512268996,0.9154929577464789,2.2500656009431887,0.19375014577483257
test,岩溶水,岩溶水1,Transformer,0.831638725893011,0.5963489771399836,0.7765983378670164,0.7765983378670164,71,9.25,460.38309859154924,0.08990688928573091,8.99068892857309,0.0018064058572898195,0.18064058572898195,0.9577464788732394,3.377287620187388,0.19375014577483257
test,岩溶水,岩溶水1,TCN,0.8958932107617329,0.649297456138369,0.740743602433006,0.740743602433006,71,9.25,460.38309859154924,0.09685332008234951,9.685332008234951,0.0019459732850804915,0.19459732850804914,0.9577464788732394,3.166341116517465,0.19375014577483257
test,岩溶水,岩溶水1,DynamicGatedStacking,0.7725743560202096,0.5385016296280919,0.8072042001587802,0.8072042001587802,71,9.25,460.38309859154924,0.08352155200218482,8.352155200218482,0.001678111899380641,0.1678111899380641,0.971830985915493,2.755289916475271,0.19375014577483257
future_holdout,岩溶水,岩溶水1,LSTM,1.0636347396334498,0.8553263629500193,0.8656523712785725,0.8656523712785725,52,9.120000000000005,460.9194230769231,0.1166266161878782,11.662661618787821,0.0023076370540712474,0.23076370540712474,0.75,2.435183575512324,0.19375014577483257
future_holdout,岩溶水,岩溶水1,Transformer,2.908098443030433,1.9530577920440668,-0.004299360602739499,-0.004299360602739499,52,9.120000000000005,460.9194230769231,0.3188704433147403,31.88704433147403,0.006309342365346793,0.6309342365346793,0.7115384615384616,3.4679689564893295,0.19375014577483257
future_holdout,岩溶水,岩溶水1,TCN,1.261361821853677,0.9474740005512606,0.8110598124137641,0.8110598124137641,52,9.120000000000005,460.9194230769231,0.13830721730851717,13.830721730851717,0.002736621107076166,0.2736621107076166,0.7307692307692307,3.2583602714840936,0.19375014577483257
future_holdout,岩溶水,岩溶水1,DynamicGatedStacking,1.131811225533743,0.8286114662950887,0.8478776686720308,0.8478776686720308,52,9.120000000000005,460.9194230769231,0.12410210806291035,12.410210806291035,0.0024555511633209135,0.24555511633209134,0.7115384615384616,2.8838313528291994,0.19375014577483257
selection,岩溶水,岩溶水4,LSTM,0.860542662205302,0.6077445453268939,0.8938256324241786,0.8938256324241786,138,8.199999999999989,98.09728260869565,0.1049442270982077,10.494422709820771,0.008772339450400034,0.8772339450400034,,,
selection,岩溶水,岩溶水4,Transformer,0.7384126646967691,0.5696849573037277,0.9218240540814044,0.9218240540814044,138,8.199999999999989,98.09728260869565,0.09005032496302075,9.005032496302075,0.007527350860902582,0.7527350860902582,,,
selection,岩溶水,岩溶水4,TCN,0.8550269617990248,0.6463873346460638,0.8951823326211935,0.8951823326211935,138,8.199999999999989,98.09728260869565,0.10427158070719829,10.427158070719829,0.008716112608436643,0.8716112608436642,,,
selection,岩溶水,岩溶水4,DynamicGatedStacking,0.7317264766734889,0.5472074343590375,0.9232333814865451,0.9232333814865451,138,8.199999999999989,98.09728260869565,0.08923493617969389,8.923493617969388,0.007459192112306548,0.7459192112306547,,,
test,岩溶水,岩溶水4,LSTM,0.5988447553750446,0.4847346739585779,0.8372618704328814,0.8372618704328814,71,6.590000000000003,96.7878732394366,0.09087173829666832,9.087173829666833,0.006187187871083862,0.6187187871083862,0.9154929577464789,2.5228482139826083,0.29889711904314276
test,岩溶水,岩溶水4,Transformer,0.5753066391320488,0.48006368958480045,0.8498035765750775,0.8498035765750775,71,6.590000000000003,96.7878732394366,0.08729994524006807,8.729994524006807,0.005943995046867481,0.5943995046867481,0.9295774647887324,2.462383724901719,0.29889711904314276
test,岩溶水,岩溶水4,TCN,0.6276582420541346,0.5335978899351579,0.8212247921910396,0.8212247921910396,71,6.590000000000003,96.7878732394366,0.09524404280032386,9.524404280032387,0.006484885151897239,0.6484885151897238,0.9859154929577465,2.8769229829104286,0.29889711904314276
test,岩溶水,岩溶水4,DynamicGatedStacking,0.5327869845995785,0.42050660382121335,0.8711845267976965,0.8711845267976965,71,6.590000000000003,96.7878732394366,0.08084779735957182,8.08477973595718,0.005504687382494239,0.5504687382494239,0.9154929577464789,2.42393484959291,0.29889711904314276
future_holdout,岩溶水,岩溶水4,LSTM,0.935120140842828,0.6316079746410262,0.8800019668211264,0.8800019668211264,52,8.149999999999991,98.27240384615385,0.11473866758807717,11.473866758807718,0.009515592417040752,0.9515592417040752,0.8653846153846154,2.8529628974752717,0.29889711904314276
future_holdout,岩溶水,岩溶水4,Transformer,1.3670539777085031,0.9669011806595631,0.7435453184102804,0.7435453184102804,52,8.149999999999991,98.27240384615385,0.1677366843814116,16.773668438141158,0.013910863316711332,1.391086331671133,0.7692307692307693,2.6802706240827896,0.29889711904314276
future_holdout,岩溶水,岩溶水4,TCN,1.3072162897479571,0.9350887287599907,0.7655046646444686,0.7655046646444686,52,8.149999999999991,98.27240384615385,0.1603946367788906,16.03946367788906,0.013301967170706575,1.3301967170706575,0.8269230769230769,3.187648731687943,0.29889711904314276
future_holdout,岩溶水,岩溶水4,DynamicGatedStacking,1.0290346338912324,0.7292871651625565,0.8546887329675444,0.8546887329675444,52,8.149999999999991,98.27240384615385,0.12626191826886302,12.626191826886302,0.010471247202848456,1.0471247202848457,0.7884615384615384,2.616881429731939,0.29889711904314276
selection,岩溶水,岩溶水3,LSTM,1.34445148235079,0.5114582609466839,0.6603250826452802,0.6603250826452802,138,15.136300000000006,387.00441528985505,0.08882299388561204,8.882299388561204,0.003473995203242927,0.3473995203242927,,,
selection,岩溶水,岩溶水3,Transformer,1.3036832998490062,0.5308627353228161,0.680612868210035,0.680612868210035,138,15.136300000000006,387.00441528985505,0.08612958912343213,8.612958912343213,0.003368652264270901,0.3368652264270901,,,
selection,岩溶水,岩溶水3,TCN,1.3103485232142535,0.5388874805878269,0.6773387165803698,0.6773387165803698,138,15.136300000000006,387.00441528985505,0.0865699360619341,8.65699360619341,0.003385874867171323,0.3385874867171323,,,
selection,岩溶水,岩溶水3,DynamicGatedStacking,1.2995722622219068,0.4995881522484485,0.6826240043323628,0.6826240043323628,138,15.136300000000006,387.00441528985505,0.08585798789809308,8.585798789809308,0.0033580295492199102,0.335802954921991,,,
test,岩溶水,岩溶水3,LSTM,0.467996282589188,0.25820781999787873,0.9148279640160887,0.9148279640160887,71,5.751170000000002,383.8266273239437,0.08137409998125388,8.137409998125387,0.0012192908184929193,0.12192908184929194,0.9859154929577465,3.8214027768876755,0.2112022893949254
test,岩溶水,岩溶水3,Transformer,0.6827405039329132,0.5347184210304604,0.8187309916649079,0.8187309916649079,71,5.751170000000002,383.8266273239437,0.11871332336427422,11.871332336427422,0.00177877316301115,0.177877316301115,0.9859154929577465,3.585025290525491,0.2112022893949254
test,岩溶水,岩溶水3,TCN,0.5413546698900391,0.3675286072207032,0.8860338185308562,0.8860338185308562,71,5.751170000000002,383.8266273239437,0.0941294849378542,9.41294849378542,0.0014104145761444117,0.14104145761444117,0.9859154929577465,2.7230141853892795,0.2112022893949254
test,岩溶水,岩溶水3,DynamicGatedStacking,0.5471399050321832,0.3929195554142818,0.8835849836275752,0.8835849836275752,71,5.751170000000002,383.8266273239437,0.09513540810516521,9.513540810516522,0.0014254870977734582,0.14254870977734582,0.9859154929577465,3.614622057209562,0.2112022893949254
future_holdout,岩溶水,岩溶水3,LSTM,1.326909174922838,1.2997805802757993,-1.336819393039439,-1.336819393039439,52,2.8228999999999473,382.45746365384616,0.4700517818282131,47.00517818282131,0.003469429416401178,0.3469429416401178,0.8846153846153846,3.709146479519693,0.2112022893949254
future_holdout,岩溶水,岩溶水3,Transformer,1.9393998193158308,1.744489054684197,-3.9920330932097743,-3.9920330932097743,52,2.8228999999999473,382.45746365384616,0.6870239184228514,68.70239184228514,0.005070890239106797,0.5070890239106797,0.25,3.5416930426155684,0.2112022893949254
future_holdout,岩溶水,岩溶水3,TCN,1.5608134523418957,1.5089665455014467,-2.2332906999725894,-2.2332906999725894,52,2.8228999999999473,382.45746365384616,0.5529113508597275,55.291135085972755,0.00408101187889107,0.408101187889107,0.17307692307692307,2.6909246519153953,0.2112022893949254
future_holdout,岩溶水,岩溶水3,DynamicGatedStacking,1.6822995939216017,1.611404804839462,-2.7562062785037855,-2.7562062785037855,52,2.8228999999999473,382.45746365384616,0.5959472860964373,59.59472860964373,0.0043986580307508755,0.43986580307508755,0.2692307692307692,3.5193797264017146,0.2112022893949254
selection,岩溶水,岩溶水2,LSTM,1.1886123853919452,0.9506649382509683,0.9465185006554397,0.9465185006554397,138,21.97999999999996,503.30923045155646,0.0540769966056391,5.407699660563909,0.0023615946489309405,0.23615946489309406,,,
selection,岩溶水,岩溶水2,Transformer,0.9734880192749048,0.7447744104310206,0.964125629131716,0.964125629131716,138,21.97999999999996,503.30923045155646,0.04428971880231604,4.428971880231604,0.0019341747783991874,0.19341747783991875,,,
selection,岩溶水,岩溶水2,TCN,1.0864969535300941,0.8430730846938106,0.9553131134450121,0.9553131134450121,138,21.97999999999996,503.30923045155646,0.04943116258098708,4.943116258098708,0.002158706591880535,0.21587065918805348,,,
selection,岩溶水,岩溶水2,DynamicGatedStacking,0.9775956269241118,0.762650812468949,0.9638222484560984,0.9638222484560984,138,21.97999999999996,503.30923045155646,0.04447659813121536,4.447659813121536,0.001942335979109776,0.1942335979109776,,,
test,岩溶水,岩溶水2,LSTM,0.7269251357076847,0.5571259394572147,0.9625048960574026,0.9625048960574026,71,12.189999999999998,499.7949295774648,0.05963290694894871,5.963290694894871,0.0014544467994548078,0.14544467994548077,0.9577464788732394,3.6544681178754144,0.12966521528874994
test,岩溶水,岩溶水2,Transformer,0.5854675836831603,0.4478672334615594,0.97567790965396,0.97567790965396,71,12.189999999999998,499.7949295774648,0.04802851383783104,4.802851383783104,0.0011714156127556649,0.11714156127556649,0.9014084507042254,2.219338828451555,0.12966521528874994
test,岩溶水,岩溶水2,TCN,0.7904397692988447,0.6465630437530818,0.9556664248677802,0.9556664248677802,71,12.189999999999998,499.7949295774648,0.06484329526651722,6.484329526651722,0.0015815281879051795,0.15815281879051796,0.9154929577464789,3.078870680028313,0.12966521528874994
test,岩溶水,岩溶水2,DynamicGatedStacking,0.5911114223426169,0.45031835110111046,0.975206725285349,0.975206725285349,71,12.189999999999998,499.7949295774648,0.048491503063381215,4.849150306338122,0.001182707921511634,0.1182707921511634,0.9154929577464789,2.702925910299898,0.12966521528874994
future_holdout,岩溶水,岩溶水2,LSTM,0.8700638842606232,0.6357186931085688,0.9782748159498214,0.9782748159498214,52,15.870000000000005,500.9328846153846,0.054824441352276175,5.482444135227618,0.0017368871379419555,0.17368871379419554,0.9038461538461539,3.2976496169106393,0.12966521528874994
future_holdout,岩溶水,岩溶水2,Transformer,1.4263925627745342,1.1520118478083958,0.9416098874552244,0.9416098874552244,52,15.870000000000005,500.9328846153846,0.08987980861843313,8.987980861843313,0.002847472399161249,0.2847472399161249,0.5,1.9270313217806527,0.12966521528874994
future_holdout,岩溶水,岩溶水2,TCN,1.3705436343184454,1.0801390618812734,0.9460927826459637,0.9460927826459637,52,15.870000000000005,500.9328846153846,0.08636065748698456,8.636065748698456,0.002735982556566927,0.2735982556566927,0.5769230769230769,2.6852413949243523,0.12966521528874994
future_holdout,岩溶水,岩溶水2,DynamicGatedStacking,1.1751095042395128,0.8232357029897224,0.9603705670172283,0.9603705670172283,52,15.870000000000005,500.9328846153846,0.07404596750091445,7.404596750091446,0.002345842208266602,0.23458422082666022,0.7884615384615384,2.325424144616267,0.12966521528874994
selection,裂隙水,裂隙水5,LSTM,0.1866523198312347,0.10723901054732785,0.9232320258743183,0.9232320258743183,138,2.9699999999999704,323.411268115942,0.06284589893307628,6.284589893307628,0.0005771361057349442,0.057713610573494424,,,
selection,裂隙水,裂隙水5,Transformer,0.1675700193195888,0.09528390360630586,0.9381263216351113,0.9381263216351113,138,2.9699999999999704,323.411268115942,0.05642088192578803,5.642088192578803,0.0005181329033332118,0.051813290333321174,,,
selection,裂隙水,裂隙水5,TCN,0.17234785945618553,0.10230411801264992,0.9345476741662522,0.9345476741662522,138,2.9699999999999704,323.411268115942,0.05802958230848055,5.802958230848055,0.000532906167618128,0.0532906167618128,,,
selection,裂隙水,裂隙水5,DynamicGatedStacking,0.16936818580594917,0.09702832020726926,0.9367912841709266,0.9367912841709266,138,2.9699999999999704,323.411268115942,0.057026325187188844,5.702632518718884,0.0005236929028249912,0.05236929028249912,,,
test,裂隙水,裂隙水5,LSTM,0.08965074898997749,0.06604510851076464,0.866408672790589,0.866408672790589,71,1.0400000000000205,322.4869718309859,0.08620264325959205,8.620264325959205,0.00027799804897843465,0.027799804897843464,1.0,0.8355091030971941,0.17003278614084114
test,裂隙水,裂隙水5,Transformer,0.07625147772497101,0.05961445319696994,0.9033577685492988,0.9033577685492988,71,1.0400000000000205,322.4869718309859,0.07331872858170145,7.331872858170145,0.00023644824251980664,0.023644824251980664,1.0,0.8810105533575552,0.17003278614084114
test,裂隙水,裂隙水5,TCN,0.09062576423951027,0.07136312493497518,0.8634870712963101,0.8634870712963101,71,1.0400000000000205,322.4869718309859,0.08714015792260431,8.714015792260431,0.0002810214742163502,0.028102147421635023,1.0,0.6398684028865357,0.17003278614084114
test,裂隙水,裂隙水5,DynamicGatedStacking,0.0740149905323059,0.05601653037805011,0.9089437426114494,0.9089437426114494,71,1.0400000000000205,322.4869718309859,0.0711682601272158,7.116826012721581,0.000229513118350396,0.022951311835039602,1.0,0.9545923864327234,0.17003278614084114
future_holdout,裂隙水,裂隙水5,LSTM,0.11458173543032503,0.08858603323026798,0.7996348862717128,0.7996348862717128,52,0.8000000000000114,322.6370192307692,0.14322716928790424,14.322716928790424,0.00035514131547430814,0.03551413154743081,1.0,0.9416550331353007,0.17003278614084114
future_holdout,裂隙水,裂隙水5,Transformer,0.11710845668772844,0.10191174961621002,0.7907006733253961,0.7907006733253961,52,0.8000000000000114,322.6370192307692,0.14638557085965848,14.638557085965848,0.00036297278274805006,0.03629727827480501,1.0,0.8810105533575552,0.17003278614084114
future_holdout,裂隙水,裂隙水5,TCN,0.10085372647170301,0.07919645677817645,0.8447701580591219,0.8447701580591219,52,0.8000000000000114,322.6370192307692,0.12606715808962698,12.606715808962699,0.0003125919236179355,0.03125919236179355,1.0,0.7847766579239638,0.17003278614084114
future_holdout,裂隙水,裂隙水5,DynamicGatedStacking,0.07910782598107088,0.06482620281952424,0.9044940970576749,0.9044940970576749,52,0.8000000000000114,322.6370192307692,0.0988847824763372,9.888478247633719,0.00024519141098464043,0.024519141098464044,1.0,0.9732285449032426,0.17003278614084114
selection,裂隙水,裂隙水4,LSTM,0.12514049358829823,0.07865704358293288,0.9373347522762432,0.9373347522762432,138,2.049999999999997,52.14630434782609,0.0610441432138041,6.1044143213804105,0.002399796019169193,0.2399796019169193,,,
selection,裂隙水,裂隙水4,Transformer,0.14326626422817818,0.08829232124709536,0.9178667692063991,0.9178667692063991,138,2.049999999999997,52.14630434782609,0.06988598255033092,6.988598255033092,0.0027473905585439777,0.2747390558543978,,,
selection,裂隙水,裂隙水4,TCN,0.1324254016518677,0.08871446947609743,0.9298264203132814,0.9298264203132814,138,2.049999999999997,52.14630434782609,0.06459775690335019,6.459775690335019,0.002539497349007981,0.2539497349007981,,,
selection,裂隙水,裂隙水4,DynamicGatedStacking,0.12134188176835459,0.07844973971704812,0.9410813910172633,0.9410813910172633,138,2.049999999999997,52.14630434782609,0.05919116183822183,5.919116183822183,0.002326950745329533,0.2326950745329533,,,
test,裂隙水,裂隙水4,LSTM,0.061930509775210474,0.04714153712425178,0.9282761171002349,0.9282761171002349,71,0.9299999999999997,52.002957746478884,0.06659194599485,6.659194599485,0.0011909036035436615,0.11909036035436615,1.0,0.529965764866686,0.25548635880920084
test,裂隙水,裂隙水4,Transformer,0.06243134968207979,0.047932269635907986,0.9271113459206425,0.9271113459206425,71,0.9299999999999997,52.002957746478884,0.06713048352911807,6.713048352911807,0.0012005345924060832,0.12005345924060833,1.0,0.4468509943224069,0.25548635880920084
test,裂隙水,裂隙水4,TCN,0.0645296755784836,0.05145825929766991,0.9221294133584412,0.9221294133584412,71,0.9299999999999997,52.002957746478884,0.06938674793385335,6.938674793385335,0.001240884718386098,0.1240884718386098,0.971830985915493,0.5304258339012026,0.25548635880920084
test,裂隙水,裂隙水4,DynamicGatedStacking,0.05886338909001375,0.045919556795598594,0.9352044755297871,0.9352044755297871,71,0.9299999999999997,52.002957746478884,0.06329396676345567,6.329396676345567,0.001131923868195735,0.11319238681957351,0.9859154929577465,0.4592591691252554,0.25548635880920084
future_holdout,裂隙水,裂隙水4,LSTM,0.17293943941055262,0.14785615878406902,0.8202350388851425,0.8202350388851425,52,1.1199999999999974,52.21,0.15441021375942232,15.441021375942231,0.003312381524814262,0.3312381524814262,0.7115384615384616,0.43845218024336974,0.25548635880920084
future_holdout,裂隙水,裂隙水4,Transformer,0.15268556602464994,0.117885431773698,0.8598758735282244,0.8598758735282244,52,1.1199999999999974,52.21,0.13632639823629492,13.632639823629491,0.0029244506038048255,0.29244506038048257,0.7692307692307693,0.3676679611749881,0.25548635880920084
future_holdout,裂隙水,裂隙水4,TCN,0.17388234993215892,0.14310612424700794,0.8182694449300294,0.8182694449300294,52,1.1199999999999974,52.21,0.15525209815371369,15.525209815371369,0.003330441485005917,0.33304414850059166,0.6153846153846154,0.3737264951291151,0.25548635880920084
future_holdout,裂隙水,裂隙水4,DynamicGatedStacking,0.14951844002940576,0.12178788418051202,0.865628716362785,0.865628716362785,52,1.1199999999999974,52.21,0.13349860716911258,13.349860716911257,0.002863789312955483,0.2863789312955483,0.6923076923076923,0.33600044190635525,0.25548635880920084
selection,孔隙水,孔隙水3,LSTM,0.09182253402827983,0.06920661553374656,0.9650995333799659,0.9650995333799659,138,1.7000000000000028,112.84016304347826,0.05401325531075275,5.401325531075275,0.0008137398205716864,0.08137398205716864,,,
selection,孔隙水,孔隙水3,Transformer,0.07867366765425932,0.06340233374707556,0.9743792711925061,0.9743792711925061,138,1.7000000000000028,112.84016304347826,0.046278628031917166,4.627862803191716,0.000697213346137631,0.06972133461376309,,,
selection,孔隙水,孔隙水3,TCN,0.11012939515622652,0.08755187306319863,0.9497958990785863,0.9497958990785863,138,1.7000000000000028,112.84016304347826,0.06478199715072137,6.4781997150721375,0.0009759769233388359,0.09759769233388359,,,
selection,孔隙水,孔隙水3,DynamicGatedStacking,0.0806074519593597,0.06403684128285358,0.9731042863647159,0.9731042863647159,138,1.7000000000000028,112.84016304347826,0.04741614821138798,4.741614821138798,0.0007143507221653071,0.07143507221653071,,,
test,孔隙水,孔隙水3,LSTM,0.07329368270697158,0.05333742808559024,0.9775725697434751,0.9775725697434751,71,1.460000000000008,112.86397887323945,0.050201152539021354,5.020115253902135,0.0006493983593232139,0.06493983593232139,0.9295774647887324,0.28661734189699045,0.2027270616915017
test,孔隙水,孔隙水3,Transformer,0.06276602266326771,0.04685796433822826,0.9835526609236832,0.9835526609236832,71,1.460000000000008,112.86397887323945,0.04299042648168998,4.299042648168998,0.0005561209456717976,0.05561209456717976,0.9859154929577465,0.22128725580100955,0.2027270616915017
test,孔隙水,孔隙水3,TCN,0.09294710017550728,0.0725212191250494,0.9639323275363796,0.9639323275363796,71,1.460000000000008,112.86397887323945,0.0636623973804841,6.36623973804841,0.0008235320170654151,0.0823532017065415,0.9154929577464789,0.3230699262914339,0.2027270616915017
test,孔隙水,孔隙水3,DynamicGatedStacking,0.0676647309010755,0.05081671588385801,0.9808851389549895,0.9808851389549895,71,1.460000000000008,112.86397887323945,0.046345706096626804,4.63457060966268,0.0005995245921382195,0.059952459213821946,0.9577464788732394,0.25472016805408504,0.2027270616915017
future_holdout,孔隙水,孔隙水3,LSTM,0.26417883622731636,0.23075844316482128,0.7805530627425386,0.7805530627425386,52,1.6600000000000108,112.4626923076923,0.15914387724537027,15.914387724537027,0.0023490353183483843,0.23490353183483842,0.25,0.28557664822780393,0.2027270616915017
future_holdout,孔隙水,孔隙水3,Transformer,0.18348536518094125,0.13893282305451202,0.894138915278459,0.894138915278459,52,1.6600000000000108,112.4626923076923,0.11053335251863859,11.053335251863858,0.0016315220755958293,0.16315220755958293,0.5576923076923077,0.2221970568066463,0.2027270616915017
future_holdout,孔隙水,孔隙水3,TCN,0.24238845149590835,0.18390925750826717,0.8152615365984742,0.8152615365984742,52,1.6600000000000108,112.4626923076923,0.1460171394553655,14.60171394553655,0.002155278755311545,0.21552787553115452,0.5769230769230769,0.31912568169089567,0.2027270616915017
future_holdout,孔隙水,孔隙水3,DynamicGatedStacking,0.2115857503239063,0.16287978466606526,0.8592312317837364,0.8592312317837364,52,1.6600000000000108,112.4626923076923,0.12746129537584636,12.746129537584636,0.0018813861377692995,0.18813861377692995,0.5192307692307693,0.2526485075087636,0.2027270616915017
selection,孔隙水,孔隙水2,LSTM,0.05208557885793779,0.04135279373783999,0.9727239529181942,0.9727239529181942,138,1.3100000000000023,139.38065217391303,0.03975998386102114,3.9759983861021144,0.0003736930344747397,0.037369303447473974,,,
selection,孔隙水,孔隙水2,Transformer,0.05629022489582156,0.03509406387793531,0.9681424474017877,0.9681424474017877,138,1.3100000000000023,139.38065217391303,0.04296963732505455,4.296963732505455,0.0004038596750543619,0.040385967505436195,,,
selection,孔隙水,孔隙水2,TCN,0.0626464443743047,0.045170541675658975,0.9605416160170999,0.9605416160170999,138,1.3100000000000023,139.38065217391303,0.04782171326282793,4.782171326282793,0.00044946298784810694,0.04494629878481069,,,
selection,孔隙水,孔隙水2,DynamicGatedStacking,0.04986240295173934,0.033085215393918135,0.9750027145637197,0.9750027145637197,138,1.3100000000000023,139.38065217391303,0.03806290301659485,3.806290301659485,0.00035774264343033227,0.03577426434303323,,,
test,孔隙水,孔隙水2,LSTM,0.04256559629212172,0.03470329070228738,0.946047820584525,0.946047820584525,71,0.6999999999999886,139.32577464788733,0.06080799470303202,6.080799470303202,0.00030551128389342256,0.030551128389342257,0.9859154929577465,0.1988289706337744,0.26809188565717634
test,孔隙水,孔隙水2,Transformer,0.04097154161345359,0.03005606426843539,0.950013105112104,0.950013105112104,71,0.6999999999999886,139.32577464788733,0.05853077373350608,5.853077373350608,0.00029407007940203015,0.029407007940203015,0.9859154929577465,0.2324680638181014,0.26809188565717634
test,孔隙水,孔隙水2,TCN,0.049955660086374774,0.039219426331742094,0.9256876572159556,0.9256876572159556,71,0.6999999999999886,139.32577464788733,0.07136522869482227,7.136522869482227,0.00035855289671007245,0.03585528967100725,0.9436619718309859,0.23299623071344705,0.26809188565717634
test,孔隙水,孔隙水2,DynamicGatedStacking,0.034913286282767526,0.026885280250577095,0.9637028096846202,0.9637028096846202,71,0.6999999999999886,139.32577464788733,0.04987612326109728,4.987612326109728,0.00025058741909745366,0.025058741909745365,1.0,0.19924255095949062,0.26809188565717634
future_holdout,孔隙水,孔隙水2,LSTM,0.05260859122083022,0.04301591561835494,0.9792223426713682,0.9792223426713682,52,1.0699999999999932,139.17000000000002,0.049166907683019206,4.916690768301921,0.0003780167508861839,0.03780167508861839,0.9230769230769231,0.2429493094079585,0.26809188565717634
future_holdout,孔隙水,孔隙水2,Transformer,0.02902619121566319,0.02428144130879308,0.99367495908853,0.99367495908853,52,1.0699999999999932,139.17000000000002,0.02712728150996577,2.7127281509965773,0.0002085664382816928,0.02085664382816928,1.0,0.2342021397931579,0.26809188565717634
future_holdout,孔隙水,孔隙水2,TCN,0.0522125386350478,0.04038784370850998,0.9795340054402953,0.9795340054402953,52,1.0699999999999932,139.17000000000002,0.04879676507948424,4.879676507948424,0.00037517093220556006,0.037517093220556005,0.9615384615384616,0.2678391537369173,0.26809188565717634
future_holdout,孔隙水,孔隙水2,DynamicGatedStacking,0.04107230938978916,0.032358405584018396,0.9873356915185302,0.9873356915185302,52,1.0699999999999932,139.17000000000002,0.03838533587830787,3.838533587830787,0.0002951232980512262,0.02951232980512262,0.9807692307692307,0.23393584912960164,0.26809188565717634
selection,孔隙水,孔隙水5,LSTM,0.06549861959665221,0.05033876859171342,0.955934805841125,0.955934805841125,138,1.1700000000000017,40.52177536231885,0.05598172615098471,5.598172615098472,0.0016163807980032212,0.1616380798003221,,,
selection,孔隙水,孔隙水5,Transformer,0.039194771728666915,0.028524565251417982,0.9842207022028309,0.9842207022028309,138,1.1700000000000017,40.52177536231885,0.03349980489629646,3.349980489629646,0.0009672520855321183,0.09672520855321183,,,
selection,孔隙水,孔隙水5,TCN,0.05686270977978101,0.04454729518577305,0.9667886524271018,0.9667886524271018,138,1.1700000000000017,40.52177536231885,0.048600606649385404,4.8600606649385405,0.0014032630424346505,0.14032630424346504,,,
selection,孔隙水,孔隙水5,DynamicGatedStacking,0.04880185839249763,0.0371999630758602,0.9755373154838152,0.9755373154838152,138,1.1700000000000017,40.52177536231885,0.04171099007905774,4.171099007905775,0.0012043366302720887,0.12043366302720887,,,
test,孔隙水,孔隙水5,LSTM,0.0371797263932344,0.02750069641897748,0.9560690788781728,0.9560690788781728,71,0.5600000000000023,40.15161971830986,0.06639236855934687,6.639236855934687,0.0009259832269301897,0.09259832269301897,0.8873239436619719,0.1311694863615145,0.24888112294934167
test,孔隙水,孔隙水5,Transformer,0.018648028036788212,0.01493204409109684,0.9889484356337727,0.9889484356337727,71,0.5600000000000023,40.15161971830986,0.0333000500656931,3.3300050065693103,0.000464440243447623,0.0464440243447623,0.971830985915493,0.09226813023050515,0.24888112294934167
test,孔隙水,孔隙水5,TCN,0.0382978520904812,0.029745550519180496,0.9533870310534882,0.9533870310534882,71,0.5600000000000023,40.15161971830986,0.06838902159014472,6.838902159014472,0.0009538308132814052,0.09538308132814052,0.9295774647887324,0.14892256936497525,0.24888112294934167
test,孔隙水,孔隙水5,DynamicGatedStacking,0.025482100430056675,0.019050545029135176,0.9793638642294026,0.9793638642294026,71,0.5600000000000023,40.15161971830986,0.045503750767958165,4.550375076795817,0.0006346468861986252,0.06346468861986253,0.9436619718309859,0.10055013466965824,0.24888112294934167
future_holdout,孔隙水,孔隙水5,LSTM,0.10915234498637803,0.1017438357904436,0.8030955410522134,0.8030955410522134,52,0.75,40.18,0.14553645998183737,14.553645998183736,0.002716583996674416,0.2716583996674416,0.19230769230769232,0.13085689176495882,0.24888112294934167
future_holdout,孔隙水,孔隙水5,Transformer,0.10275993154612459,0.08433690823139191,0.825483287684039,0.825483287684039,52,0.75,40.18,0.13701324206149945,13.701324206149945,0.0025574895855182823,0.2557489585518282,0.34615384615384615,0.08956345797734991,0.24888112294934167
future_holdout,孔隙水,孔隙水5,TCN,0.11741559521846533,0.10043940569136044,0.7721542257734748,0.7721542257734748,52,0.75,40.18,0.15655412695795376,15.655412695795375,0.0029222398013555332,0.29222398013555334,0.40384615384615385,0.15748590683903366,0.24888112294934167
future_holdout,孔隙水,孔隙水5,DynamicGatedStacking,0.10054408551185871,0.08777842644395242,0.8329284633760392,0.8329284633760392,52,0.75,40.18,0.13405878068247828,13.405878068247828,0.0025023416005937956,0.25023416005937954,0.34615384615384615,0.1039863972379142,0.24888112294934167
selection,孔隙水,孔隙水1,LSTM,0.09249146626608365,0.062089171458052574,0.9290116415857852,0.9290116415857852,138,1.4399999999999977,107.5847463768116,0.06423018490700264,6.423018490700263,0.0008597079918944616,0.08597079918944615,,,
selection,孔隙水,孔隙水1,Transformer,0.10328177268849127,0.06694826166062781,0.9114820858909782,0.9114820858909782,138,1.4399999999999977,107.5847463768116,0.07172345325589682,7.172345325589682,0.0009600038682691195,0.09600038682691195,,,
selection,孔隙水,孔隙水1,TCN,0.08910702105453662,0.0632819370884497,0.9341117982790489,0.9341117982790489,138,1.4399999999999977,107.5847463768116,0.061879875732317194,6.1879875732317196,0.000828249580497616,0.0828249580497616,,,
selection,孔隙水,孔隙水1,DynamicGatedStacking,0.10279063186864702,0.06726396055591492,0.9123219512604142,0.9123219512604142,138,1.4399999999999977,107.5847463768116,0.0713823832421161,7.13823832421161,0.0009554387153419188,0.09554387153419189,,,
test,孔隙水,孔隙水1,LSTM,0.04217932469021765,0.02870803539166434,0.8938599524794832,0.8938599524794832,71,0.47999999999998977,107.23126760563379,0.08787359310462198,8.787359310462199,0.0003933491194503198,0.039334911945031976,0.9859154929577465,0.4522181280074441,0.29973593678084054
test,孔隙水,孔隙水1,Transformer,0.04937933292365723,0.0343143487973949,0.8545309942204858,0.8545309942204858,71,0.47999999999998977,107.23126760563379,0.10287361025762143,10.287361025762143,0.0004604937909086408,0.04604937909086408,0.9859154929577465,0.48005720027652693,0.29973593678084054
test,孔隙水,孔隙水1,TCN,0.04146121855683171,0.0313957067928913,0.8974432718255657,0.8974432718255657,71,0.47999999999998977,107.23126760563379,0.08637753866006789,8.63775386600679,0.00038665232149744154,0.038665232149744155,0.9859154929577465,0.5067213722426411,0.29973593678084054
test,孔隙水,孔隙水1,DynamicGatedStacking,0.04345252368694299,0.03076703127231014,0.8873554866055696,0.8873554866055696,71,0.47999999999998977,107.23126760563379,0.09052609101446649,9.052609101446649,0.0004052225125860589,0.04052225125860589,0.9859154929577465,0.4855092764717108,0.29973593678084054
future_holdout,孔隙水,孔隙水1,LSTM,0.19386931062460985,0.17952637364781274,-1.9724677024941384,-1.9724677024941384,52,0.4399999999999977,107.07548076923078,0.4406120696013883,44.06120696013883,0.001810585478877627,0.1810585478877627,0.5384615384615384,0.4768489136517387,0.29973593678084054
future_holdout,孔隙水,孔隙水1,Transformer,0.23440779914336468,0.1995685643183306,-3.345533747816722,-3.345533747816722,52,0.4399999999999977,107.07548076923078,0.5327449980531043,53.27449980531043,0.002189182784512177,0.2189182784512177,0.5961538461538461,0.4978710679343867,0.29973593678084054
future_holdout,孔隙水,孔隙水1,TCN,0.1906787580256625,0.17429985789138605,-1.8754355745539715,-1.8754355745539715,52,0.4399999999999977,107.07548076923078,0.43336081369468976,43.33608136946898,0.0017807882500813946,0.17807882500813946,0.7307692307692307,0.5272428208840683,0.29973593678084054
future_holdout,孔隙水,孔隙水1,DynamicGatedStacking,0.20797157047763573,0.1876745615836757,-2.420636733238802,-2.420636733238802,52,0.4399999999999977,107.07548076923078,0.4726626601764473,47.26626601764473,0.0019422893923386282,0.1942289392338628,0.5576923076923077,0.49690923767881945,0.29973593678084054
selection,孔隙水,孔隙水4,LSTM,0.08899320123622043,0.05682683581180738,0.9096898834696056,0.9096898834696056,138,1.4699999999999989,35.51927536231884,0.06053959267770102,6.053959267770102,0.002505490338089223,0.2505490338089223,,,
selection,孔隙水,孔隙水4,Transformer,0.0837029411748752,0.0545220862303397,0.9201078366764314,0.9201078366764314,138,1.4699999999999989,35.51927536231884,0.05694077630943896,5.694077630943896,0.002356549797850683,0.2356549797850683,,,
selection,孔隙水,孔隙水4,TCN,0.0814884968843743,0.051737761753230464,0.924279171364019,0.924279171364019,138,1.4699999999999989,35.51927536231884,0.05543435162202338,5.5434351622023375,0.002294204936703822,0.2294204936703822,,,
selection,孔隙水,孔隙水4,DynamicGatedStacking,0.0791556139075447,0.04798439783870713,0.9285526398626666,0.9285526398626666,138,1.4699999999999989,35.51927536231884,0.053847356399690315,5.384735639969032,0.002228525585055098,0.2228525585055098,,,
test,孔隙水,孔隙水4,LSTM,0.04700499483895984,0.033987223333375546,0.9696080196482488,0.9696080196482488,71,0.8699999999999974,35.25626760563381,0.054028729699953995,5.4028729699954,0.0013332379752940334,0.13332379752940335,0.9577464788732394,0.21258493590971198,0.29239504825130985
test,孔隙水,孔隙水4,Transformer,0.0576731193431685,0.039271871019862827,0.9542471803135283,0.9542471803135283,71,0.8699999999999974,35.25626760563381,0.06629094177375709,6.629094177375709,0.0016358260037132397,0.16358260037132397,0.9295774647887324,0.19028266730378274,0.29239504825130985
test,孔隙水,孔隙水4,TCN,0.05585412759675648,0.040839686533103416,0.9570877262426842,0.9570877262426842,71,0.8699999999999974,35.25626760563381,0.06420014666293868,6.420014666293867,0.0015842325745176501,0.158423257451765,0.8591549295774648,0.1908418713002094,0.29239504825130985
test,孔隙水,孔隙水4,DynamicGatedStacking,0.050565861898296836,0.034218718187772335,0.9648289114869867,0.9648289114869867,71,0.8699999999999974,35.25626760563381,0.058121680342870095,5.8121680342870095,0.0014342375223580562,0.1434237522358056,0.9295774647887324,0.18697894688162664,0.29239504825130985
future_holdout,孔隙水,孔隙水4,LSTM,0.07727765509626902,0.06481354340789189,0.942139115838301,0.942139115838301,52,0.9099999999999966,35.18057692307693,0.08492050010579046,8.492050010579046,0.002196599995083601,0.2196599995083601,0.5961538461538461,0.21548122897438796,0.29239504825130985
future_holdout,孔隙水,孔隙水4,Transformer,0.10988266561526541,0.10241138895129527,0.883013548606425,0.883013548606425,52,0.9099999999999966,35.18057692307693,0.1207501819947976,12.07501819947976,0.0031233900983354016,0.3123390098335402,0.38461538461538464,0.19544687490293702,0.29239504825130985
future_holdout,孔隙水,孔隙水4,TCN,0.08143429615898679,0.06807503727716356,0.9357472249984523,0.9357472249984523,52,0.9099999999999966,35.18057692307693,0.08948823753734846,8.948823753734846,0.0023147515840074083,0.23147515840074082,0.7115384615384616,0.19947565726273972,0.29239504825130985
future_holdout,孔隙水,孔隙水4,DynamicGatedStacking,0.06041130675496253,0.05047342564904074,0.964639886124938,0.964639886124938,52,0.9099999999999966,35.18057692307693,0.06638605137907995,6.638605137907995,0.0017171778304560816,0.17171778304560817,0.75,0.19331057489817383,0.29239504825130985
