dropout,well,model,RMSE,MAE,R2,NSE
0.0,岩溶水,LSTM,0.37861171456914133,0.2991328691585003,0.975097705486408,0.975097705486408
0.0,岩溶水,Transformer,0.45643226508483414,0.35251912122525664,0.963808719898707,0.963808719898707
0.0,岩溶水,TCN,0.6644709515092586,0.5237350731776095,0.9232986036977774,0.9232986036977774
0.0,岩溶水,Stacking,0.5363527145680269,0.381837931439518,0.950025065157201,0.950025065157201
0.0,孔隙水,LSTM,0.046863310705714256,0.03483213104771791,0.980383462731984,0.980383462731984
0.0,孔隙水,Transformer,0.031212063790799605,0.022749143371092774,0.9912983545011214,0.9912983545011214
0.0,孔隙水,TCN,0.053836283460483164,0.04122591214533463,0.9741115197252789,0.9741115197252789
0.0,孔隙水,Stacking,0.04812957415660806,0.0371724508551774,0.9793090489677361,0.9793090489677361
0.0,裂隙水,LSTM,0.08680325795715496,0.06280995280787947,0.9582518313397083,0.9582518313397083
0.0,裂隙水,Transformer,0.08429617628254743,0.06008979439410216,0.9606285754908844,0.9606285754908844
0.0,裂隙水,TCN,0.11205686115913431,0.0823484811745983,0.9304267510966198,0.9304267510966198
0.0,裂隙水,Stacking,0.12327156494400839,0.08036868277219834,0.9158040509265699,0.9158040509265699
0.1,岩溶水,LSTM,0.3680781258263643,0.27080811304573477,0.976464074080621,0.976464074080621
0.1,岩溶水,Transformer,0.4580962610709587,0.3242585005885123,0.9635443568196193,0.9635443568196193
0.1,岩溶水,TCN,0.6050977673072379,0.45896634798280783,0.9363933721869695,0.9363933721869695
0.1,岩溶水,Stacking,0.5438142003297448,0.3888933617856107,0.9486249380752619,0.9486249380752619
0.1,孔隙水,LSTM,0.044580941649087484,0.03342172001982612,0.9822476893250073,0.9822476893250073
0.1,孔隙水,Transformer,0.035274729318311486,0.026732534504768164,0.9888856570265478,0.9888856570265478
0.1,孔隙水,TCN,0.05573346579017936,0.04546494680514635,0.9722547580928035,0.9722547580928035
0.1,孔隙水,Stacking,0.052495659817249136,0.04134193023908256,0.9753848088798606,0.9753848088798606
0.1,裂隙水,LSTM,0.08914928460770398,0.06352647236314526,0.9559646854584618,0.9559646854584618
0.1,裂隙水,Transformer,0.08998110703083177,0.06464699867947521,0.9551390938374468,0.9551390938374468
0.1,裂隙水,TCN,0.11614221892746059,0.08315108884683332,0.925261286819788,0.925261286819788
0.1,裂隙水,Stacking,0.12941208355789074,0.07935936237016905,0.9072070382099082,0.9072070382099082
0.2,岩溶水,LSTM,0.41783917156404055,0.31715335540473266,0.9696701980731052,0.9696701980731052
0.2,岩溶水,Transformer,0.4653752353162548,0.3490177487191784,0.9623766200687676,0.9623766200687676
0.2,岩溶水,TCN,0.636959590055121,0.5123177628784292,0.9295185172376661,0.9295185172376661
0.2,岩溶水,Stacking,0.5696409644869678,0.41239188557079587,0.9436292650959884,0.9436292650959884
0.2,孔隙水,LSTM,0.038317380567397155,0.02706605841739733,0.986885611667971,0.986885611667971
0.2,孔隙水,Transformer,0.041208933342172106,0.03178832290478963,0.9848316213554394,0.9848316213554394
0.2,孔隙水,TCN,0.06456246594236315,0.05141322023766489,0.9627679770031674,0.9627679770031674
0.2,孔隙水,Stacking,0.04991205518979074,0.03876609722175633,0.9777480886878752,0.9777480886878752
0.2,裂隙水,LSTM,0.08872196604726741,0.06367920086704043,0.9563858219679763,0.9563858219679763
0.2,裂隙水,Transformer,0.08732616208153725,0.061908910866559495,0.9577473331655921,0.9577473331655921
0.2,裂隙水,TCN,0.10874893343448676,0.07905796959689076,0.9344737385343961,0.9344737385343961
0.2,裂隙水,Stacking,0.11820159143948496,0.08031975088551242,0.9225873337751961,0.9225873337751961
0.3,岩溶水,LSTM,0.3651045632929759,0.2623525123602061,0.976842813534903,0.976842813534903
0.3,岩溶水,Transformer,0.4741302893071259,0.37695504278790165,0.9609476950592788,0.9609476950592788
0.3,岩溶水,TCN,0.6642691632827024,0.5481354055780676,0.9233451823738958,0.9233451823738958
0.3,岩溶水,Stacking,0.5406328154015793,0.38672000246202465,0.949224281614064,0.949224281614064
0.3,孔隙水,LSTM,0.03662040515075821,0.025764485898329775,0.9880214926333455,0.9880214926333455
0.3,孔隙水,Transformer,0.06814581733474474,0.05553369328124822,0.9585203747347784,0.9585203747347784
0.3,孔隙水,TCN,0.059952531026987776,0.04848261433143672,0.9678950897865892,0.9678950897865892
0.3,孔隙水,Stacking,0.04628210865011047,0.035642014096568815,0.9808670168193333,0.9808670168193333
0.3,裂隙水,LSTM,0.09483032475356012,0.06977175098164337,0.9501735605995445,0.9501735605995445
0.3,裂隙水,Transformer,0.0858667685363459,0.06273720851883743,0.9591477843009732,0.9591477843009732
0.3,裂隙水,TCN,0.1011952880477653,0.07596758104307165,0.943260440503707,0.943260440503707
0.3,裂隙水,Stacking,0.11873042031626765,0.08326312602545767,0.9218931023290592,0.9218931023290592
0.4,岩溶水,LSTM,0.383587836072311,0.29665111376772113,0.9744388184922549,0.9744388184922549
0.4,岩溶水,Transformer,0.4895790347676323,0.3570806338632448,0.9583613256849141,0.9583613256849141
0.4,岩溶水,TCN,0.5813395543883487,0.4353898266565673,0.9412901437056856,0.9412901437056856
0.4,岩溶水,Stacking,0.5285241191350205,0.3813739210549723,0.951473285020392,0.951473285020392
0.4,孔隙水,LSTM,0.047659995872509874,0.03692786822061702,0.9797108237209664,0.9797108237209664
0.4,孔隙水,Transformer,0.038914380764688665,0.028497356747213348,0.9864737732767841,0.9864737732767841
0.4,孔隙水,TCN,0.05843083783061228,0.045449407738797167,0.9695041570831364,0.9695041570831364
0.4,孔隙水,Stacking,0.05135792161266376,0.04073322580873338,0.9764402165213434,0.9764402165213434
0.4,裂隙水,LSTM,0.09028282134392278,0.0665382578625233,0.9548377445823393,0.9548377445823393
0.4,裂隙水,Transformer,0.09020413283545205,0.06806884865474139,0.9549164351190322,0.9549164351190322
0.4,裂隙水,TCN,0.10273188265203091,0.07826842755665932,0.9415242404089595,0.9415242404089595
0.4,裂隙水,Stacking,0.12211274240259473,0.08199947596317987,0.9173795897091201,0.9173795897091201
0.5,岩溶水,LSTM,0.39825292930134315,0.28675608391296226,0.9724469786752507,0.9724469786752507
0.5,岩溶水,Transformer,0.5601461864316418,0.42564953519390647,0.9454927793504243,0.9454927793504243
0.5,岩溶水,TCN,0.7168166169523913,0.5909314572436154,0.9107378384536305,0.9107378384536305
0.5,岩溶水,Stacking,0.5731845775399352,0.4072000387762236,0.9429257433897515,0.9429257433897515
0.5,孔隙水,LSTM,0.05799311263654395,0.04592694502135907,0.9699593550254129,0.9699593550254129
0.5,孔隙水,Transformer,0.04390296648639902,0.03477574889930535,0.9827835285410824,0.9827835285410824
0.5,孔隙水,TCN,0.06523666064768296,0.051081630249082036,0.9619863248611961,0.9619863248611961
0.5,孔隙水,Stacking,0.06070938185146635,0.048392784303724394,0.9670793776781709,0.9670793776781709
0.5,裂隙水,LSTM,0.08744093361793188,0.06332494665459086,0.9576361960189501,0.9576361960189501
0.5,裂隙水,Transformer,0.08664508681860497,0.059074637086606666,0.9584038380563784,0.9584038380563784
0.5,裂隙水,TCN,0.11397013813885695,0.08543887103110127,0.9280306587966656,0.9280306587966656
0.5,裂隙水,Stacking,0.1134829212463112,0.08053940395226064,0.9286446745281235,0.9286446745281235
