split,well,seed,scenario_id,aquifer,model_a,model_b,p_a_better_than_b,p_b_better_than_a,a_win_rate,b_win_rate,tie_rate,dominates,dominance_label,loss
test,孔隙水1,,孔隙水1,孔隙水1,LSTM,Transformer,0.9996,0.0004,0.9996,0.0004,0.0,True,reproducible,squared
test,孔隙水1,,孔隙水1,孔隙水1,Transformer,LSTM,0.0004,0.9996,0.0004,0.9996,0.0,False,unstable,squared
test,孔隙水1,,孔隙水1,孔隙水1,LSTM,TCN,0.5414,0.4586,0.5414,0.4586,0.0,False,unstable,squared
test,孔隙水1,,孔隙水1,孔隙水1,TCN,LSTM,0.4586,0.5414,0.4586,0.5414,0.0,False,unstable,squared
test,孔隙水1,,孔隙水1,孔隙水1,LSTM,DynamicGatedStacking,0.8468,0.1532,0.8468,0.1532,0.0,False,trend,squared
test,孔隙水1,,孔隙水1,孔隙水1,DynamicGatedStacking,LSTM,0.1532,0.8468,0.1532,0.8468,0.0,False,unstable,squared
test,孔隙水1,,孔隙水1,孔隙水1,Transformer,TCN,0.0878,0.9122,0.0878,0.9122,0.0,False,unstable,squared
test,孔隙水1,,孔隙水1,孔隙水1,TCN,Transformer,0.9122,0.0878,0.9122,0.0878,0.0,False,trend,squared
test,孔隙水1,,孔隙水1,孔隙水1,Transformer,DynamicGatedStacking,0.0002,0.9998,0.0002,0.9998,0.0,False,unstable,squared
test,孔隙水1,,孔隙水1,孔隙水1,DynamicGatedStacking,Transformer,0.9998,0.0002,0.9998,0.0002,0.0,True,reproducible,squared
test,孔隙水1,,孔隙水1,孔隙水1,TCN,DynamicGatedStacking,0.5164,0.4836,0.5164,0.4836,0.0,False,unstable,squared
test,孔隙水1,,孔隙水1,孔隙水1,DynamicGatedStacking,TCN,0.4836,0.5164,0.4836,0.5164,0.0,False,unstable,squared
test,孔隙水2,,孔隙水2,孔隙水2,LSTM,Transformer,0.2908,0.7092,0.2908,0.7092,0.0,False,unstable,squared
test,孔隙水2,,孔隙水2,孔隙水2,Transformer,LSTM,0.7092,0.2908,0.7092,0.2908,0.0,False,trend,squared
test,孔隙水2,,孔隙水2,孔隙水2,LSTM,TCN,0.7508,0.2492,0.7508,0.2492,0.0,False,trend,squared
test,孔隙水2,,孔隙水2,孔隙水2,TCN,LSTM,0.2492,0.7508,0.2492,0.7508,0.0,False,unstable,squared
test,孔隙水2,,孔隙水2,孔隙水2,LSTM,DynamicGatedStacking,0.024,0.976,0.024,0.976,0.0,False,unstable,squared
test,孔隙水2,,孔隙水2,孔隙水2,DynamicGatedStacking,LSTM,0.976,0.024,0.976,0.024,0.0,True,reproducible,squared
test,孔隙水2,,孔隙水2,孔隙水2,Transformer,TCN,0.8906,0.1094,0.8906,0.1094,0.0,False,trend,squared
test,孔隙水2,,孔隙水2,孔隙水2,TCN,Transformer,0.1094,0.8906,0.1094,0.8906,0.0,False,unstable,squared
test,孔隙水2,,孔隙水2,孔隙水2,Transformer,DynamicGatedStacking,0.0366,0.9634,0.0366,0.9634,0.0,False,unstable,squared
test,孔隙水2,,孔隙水2,孔隙水2,DynamicGatedStacking,Transformer,0.9634,0.0366,0.9634,0.0366,0.0,True,reproducible,squared
test,孔隙水2,,孔隙水2,孔隙水2,TCN,DynamicGatedStacking,0.0044,0.9956,0.0044,0.9956,0.0,False,unstable,squared
test,孔隙水2,,孔隙水2,孔隙水2,DynamicGatedStacking,TCN,0.9956,0.0044,0.9956,0.0044,0.0,True,reproducible,squared
test,孔隙水3,,孔隙水3,孔隙水3,LSTM,Transformer,0.0734,0.9266,0.0734,0.9266,0.0,False,unstable,squared
test,孔隙水3,,孔隙水3,孔隙水3,Transformer,LSTM,0.9266,0.0734,0.9266,0.0734,0.0,False,trend,squared
test,孔隙水3,,孔隙水3,孔隙水3,LSTM,TCN,0.9576,0.0424,0.9576,0.0424,0.0,True,reproducible,squared
test,孔隙水3,,孔隙水3,孔隙水3,TCN,LSTM,0.0424,0.9576,0.0424,0.9576,0.0,False,unstable,squared
test,孔隙水3,,孔隙水3,孔隙水3,LSTM,DynamicGatedStacking,0.119,0.881,0.119,0.881,0.0,False,unstable,squared
test,孔隙水3,,孔隙水3,孔隙水3,DynamicGatedStacking,LSTM,0.881,0.119,0.881,0.119,0.0,False,trend,squared
test,孔隙水3,,孔隙水3,孔隙水3,Transformer,TCN,1.0,0.0,1.0,0.0,0.0,True,reproducible,squared
test,孔隙水3,,孔隙水3,孔隙水3,TCN,Transformer,0.0,1.0,0.0,1.0,0.0,False,unstable,squared
test,孔隙水3,,孔隙水3,孔隙水3,Transformer,DynamicGatedStacking,0.9224,0.0776,0.9224,0.0776,0.0,False,trend,squared
test,孔隙水3,,孔隙水3,孔隙水3,DynamicGatedStacking,Transformer,0.0776,0.9224,0.0776,0.9224,0.0,False,unstable,squared
test,孔隙水3,,孔隙水3,孔隙水3,TCN,DynamicGatedStacking,0.0002,0.9998,0.0002,0.9998,0.0,False,unstable,squared
test,孔隙水3,,孔隙水3,孔隙水3,DynamicGatedStacking,TCN,0.9998,0.0002,0.9998,0.0002,0.0,True,reproducible,squared
test,孔隙水4,,孔隙水4,孔隙水4,LSTM,Transformer,0.9926,0.0074,0.9926,0.0074,0.0,True,reproducible,squared
test,孔隙水4,,孔隙水4,孔隙水4,Transformer,LSTM,0.0074,0.9926,0.0074,0.9926,0.0,False,unstable,squared
test,孔隙水4,,孔隙水4,孔隙水4,LSTM,TCN,1.0,0.0,1.0,0.0,0.0,True,reproducible,squared
test,孔隙水4,,孔隙水4,孔隙水4,TCN,LSTM,0.0,1.0,0.0,1.0,0.0,False,unstable,squared
test,孔隙水4,,孔隙水4,孔隙水4,LSTM,DynamicGatedStacking,0.9082,0.0918,0.9082,0.0918,0.0,False,trend,squared
test,孔隙水4,,孔隙水4,孔隙水4,DynamicGatedStacking,LSTM,0.0918,0.9082,0.0918,0.9082,0.0,False,unstable,squared
test,孔隙水4,,孔隙水4,孔隙水4,Transformer,TCN,0.3812,0.6188,0.3812,0.6188,0.0,False,unstable,squared
test,孔隙水4,,孔隙水4,孔隙水4,TCN,Transformer,0.6188,0.3812,0.6188,0.3812,0.0,False,unstable,squared
test,孔隙水4,,孔隙水4,孔隙水4,Transformer,DynamicGatedStacking,0.0016,0.9984,0.0016,0.9984,0.0,False,unstable,squared
test,孔隙水4,,孔隙水4,孔隙水4,DynamicGatedStacking,Transformer,0.9984,0.0016,0.9984,0.0016,0.0,True,reproducible,squared
test,孔隙水4,,孔隙水4,孔隙水4,TCN,DynamicGatedStacking,0.0022,0.9978,0.0022,0.9978,0.0,False,unstable,squared
test,孔隙水4,,孔隙水4,孔隙水4,DynamicGatedStacking,TCN,0.9978,0.0022,0.9978,0.0022,0.0,True,reproducible,squared
test,孔隙水5,,孔隙水5,孔隙水5,LSTM,Transformer,0.0084,0.9916,0.0084,0.9916,0.0,False,unstable,squared
test,孔隙水5,,孔隙水5,孔隙水5,Transformer,LSTM,0.9916,0.0084,0.9916,0.0084,0.0,True,reproducible,squared
test,孔隙水5,,孔隙水5,孔隙水5,LSTM,TCN,0.6836,0.3164,0.6836,0.3164,0.0,False,unstable,squared
test,孔隙水5,,孔隙水5,孔隙水5,TCN,LSTM,0.3164,0.6836,0.3164,0.6836,0.0,False,unstable,squared
test,孔隙水5,,孔隙水5,孔隙水5,LSTM,DynamicGatedStacking,0.0038,0.9962,0.0038,0.9962,0.0,False,unstable,squared
test,孔隙水5,,孔隙水5,孔隙水5,DynamicGatedStacking,LSTM,0.9962,0.0038,0.9962,0.0038,0.0,True,reproducible,squared
test,孔隙水5,,孔隙水5,孔隙水5,Transformer,TCN,1.0,0.0,1.0,0.0,0.0,True,reproducible,squared
test,孔隙水5,,孔隙水5,孔隙水5,TCN,Transformer,0.0,1.0,0.0,1.0,0.0,False,unstable,squared
test,孔隙水5,,孔隙水5,孔隙水5,Transformer,DynamicGatedStacking,0.961,0.039,0.961,0.039,0.0,True,reproducible,squared
test,孔隙水5,,孔隙水5,孔隙水5,DynamicGatedStacking,Transformer,0.039,0.961,0.039,0.961,0.0,False,unstable,squared
test,孔隙水5,,孔隙水5,孔隙水5,TCN,DynamicGatedStacking,0.0,1.0,0.0,1.0,0.0,False,unstable,squared
test,孔隙水5,,孔隙水5,孔隙水5,DynamicGatedStacking,TCN,1.0,0.0,1.0,0.0,0.0,True,reproducible,squared
test,岩溶水1,,岩溶水1,岩溶水1,LSTM,Transformer,0.8396,0.1604,0.8396,0.1604,0.0,False,trend,squared
test,岩溶水1,,岩溶水1,岩溶水1,Transformer,LSTM,0.1604,0.8396,0.1604,0.8396,0.0,False,unstable,squared
test,岩溶水1,,岩溶水1,岩溶水1,LSTM,TCN,0.9788,0.0212,0.9788,0.0212,0.0,True,reproducible,squared
test,岩溶水1,,岩溶水1,岩溶水1,TCN,LSTM,0.0212,0.9788,0.0212,0.9788,0.0,False,unstable,squared
test,岩溶水1,,岩溶水1,岩溶水1,LSTM,DynamicGatedStacking,0.7644,0.2356,0.7644,0.2356,0.0,False,trend,squared
test,岩溶水1,,岩溶水1,岩溶水1,DynamicGatedStacking,LSTM,0.2356,0.7644,0.2356,0.7644,0.0,False,unstable,squared
test,岩溶水1,,岩溶水1,岩溶水1,Transformer,TCN,0.8158,0.1842,0.8158,0.1842,0.0,False,trend,squared
test,岩溶水1,,岩溶水1,岩溶水1,TCN,Transformer,0.1842,0.8158,0.1842,0.8158,0.0,False,unstable,squared
test,岩溶水1,,岩溶水1,岩溶水1,Transformer,DynamicGatedStacking,0.2218,0.7782,0.2218,0.7782,0.0,False,unstable,squared
test,岩溶水1,,岩溶水1,岩溶水1,DynamicGatedStacking,Transformer,0.7782,0.2218,0.7782,0.2218,0.0,False,trend,squared
test,岩溶水1,,岩溶水1,岩溶水1,TCN,DynamicGatedStacking,0.0002,0.9998,0.0002,0.9998,0.0,False,unstable,squared
test,岩溶水1,,岩溶水1,岩溶水1,DynamicGatedStacking,TCN,0.9998,0.0002,0.9998,0.0002,0.0,True,reproducible,squared
test,岩溶水2,,岩溶水2,岩溶水2,LSTM,Transformer,0.003,0.997,0.003,0.997,0.0,False,unstable,squared
test,岩溶水2,,岩溶水2,岩溶水2,Transformer,LSTM,0.997,0.003,0.997,0.003,0.0,True,reproducible,squared
test,岩溶水2,,岩溶水2,岩溶水2,LSTM,TCN,0.8504,0.1496,0.8504,0.1496,0.0,False,trend,squared
test,岩溶水2,,岩溶水2,岩溶水2,TCN,LSTM,0.1496,0.8504,0.1496,0.8504,0.0,False,unstable,squared
test,岩溶水2,,岩溶水2,岩溶水2,LSTM,DynamicGatedStacking,0.0026,0.9974,0.0026,0.9974,0.0,False,unstable,squared
test,岩溶水2,,岩溶水2,岩溶水2,DynamicGatedStacking,LSTM,0.9974,0.0026,0.9974,0.0026,0.0,True,reproducible,squared
test,岩溶水2,,岩溶水2,岩溶水2,Transformer,TCN,1.0,0.0,1.0,0.0,0.0,True,reproducible,squared
test,岩溶水2,,岩溶水2,岩溶水2,TCN,Transformer,0.0,1.0,0.0,1.0,0.0,False,unstable,squared
test,岩溶水2,,岩溶水2,岩溶水2,Transformer,DynamicGatedStacking,0.8504,0.1496,0.8504,0.1496,0.0,False,trend,squared
test,岩溶水2,,岩溶水2,岩溶水2,DynamicGatedStacking,Transformer,0.1496,0.8504,0.1496,0.8504,0.0,False,unstable,squared
test,岩溶水2,,岩溶水2,岩溶水2,TCN,DynamicGatedStacking,0.0,1.0,0.0,1.0,0.0,False,unstable,squared
test,岩溶水2,,岩溶水2,岩溶水2,DynamicGatedStacking,TCN,1.0,0.0,1.0,0.0,0.0,True,reproducible,squared
test,岩溶水3,,岩溶水3,岩溶水3,LSTM,Transformer,1.0,0.0,1.0,0.0,0.0,True,reproducible,squared
test,岩溶水3,,岩溶水3,岩溶水3,Transformer,LSTM,0.0,1.0,0.0,1.0,0.0,False,unstable,squared
test,岩溶水3,,岩溶水3,岩溶水3,LSTM,TCN,0.9886,0.0114,0.9886,0.0114,0.0,True,reproducible,squared
test,岩溶水3,,岩溶水3,岩溶水3,TCN,LSTM,0.0114,0.9886,0.0114,0.9886,0.0,False,unstable,squared
test,岩溶水3,,岩溶水3,岩溶水3,LSTM,DynamicGatedStacking,1.0,0.0,1.0,0.0,0.0,True,reproducible,squared
test,岩溶水3,,岩溶水3,岩溶水3,DynamicGatedStacking,LSTM,0.0,1.0,0.0,1.0,0.0,False,unstable,squared
test,岩溶水3,,岩溶水3,岩溶水3,Transformer,TCN,0.0,1.0,0.0,1.0,0.0,False,unstable,squared
test,岩溶水3,,岩溶水3,岩溶水3,TCN,Transformer,1.0,0.0,1.0,0.0,0.0,True,reproducible,squared
test,岩溶水3,,岩溶水3,岩溶水3,Transformer,DynamicGatedStacking,0.0,1.0,0.0,1.0,0.0,False,unstable,squared
test,岩溶水3,,岩溶水3,岩溶水3,DynamicGatedStacking,Transformer,1.0,0.0,1.0,0.0,0.0,True,reproducible,squared
test,岩溶水3,,岩溶水3,岩溶水3,TCN,DynamicGatedStacking,0.5632,0.4368,0.5632,0.4368,0.0,False,unstable,squared
test,岩溶水3,,岩溶水3,岩溶水3,DynamicGatedStacking,TCN,0.4368,0.5632,0.4368,0.5632,0.0,False,unstable,squared
test,岩溶水4,,岩溶水4,岩溶水4,LSTM,Transformer,0.4656,0.5344,0.4656,0.5344,0.0,False,unstable,squared
test,岩溶水4,,岩溶水4,岩溶水4,Transformer,LSTM,0.5344,0.4656,0.5344,0.4656,0.0,False,unstable,squared
test,岩溶水4,,岩溶水4,岩溶水4,LSTM,TCN,0.8372,0.1628,0.8372,0.1628,0.0,False,trend,squared
test,岩溶水4,,岩溶水4,岩溶水4,TCN,LSTM,0.1628,0.8372,0.1628,0.8372,0.0,False,unstable,squared
test,岩溶水4,,岩溶水4,岩溶水4,LSTM,DynamicGatedStacking,0.0186,0.9814,0.0186,0.9814,0.0,False,unstable,squared
test,岩溶水4,,岩溶水4,岩溶水4,DynamicGatedStacking,LSTM,0.9814,0.0186,0.9814,0.0186,0.0,True,reproducible,squared
test,岩溶水4,,岩溶水4,岩溶水4,Transformer,TCN,0.8004,0.1996,0.8004,0.1996,0.0,False,trend,squared
test,岩溶水4,,岩溶水4,岩溶水4,TCN,Transformer,0.1996,0.8004,0.1996,0.8004,0.0,False,unstable,squared
test,岩溶水4,,岩溶水4,岩溶水4,Transformer,DynamicGatedStacking,0.0424,0.9576,0.0424,0.9576,0.0,False,unstable,squared
test,岩溶水4,,岩溶水4,岩溶水4,DynamicGatedStacking,Transformer,0.9576,0.0424,0.9576,0.0424,0.0,True,reproducible,squared
test,岩溶水4,,岩溶水4,岩溶水4,TCN,DynamicGatedStacking,0.0124,0.9876,0.0124,0.9876,0.0,False,unstable,squared
test,岩溶水4,,岩溶水4,岩溶水4,DynamicGatedStacking,TCN,0.9876,0.0124,0.9876,0.0124,0.0,True,reproducible,squared
test,岩溶水5,,岩溶水5,岩溶水5,LSTM,Transformer,0.0136,0.9864,0.0136,0.9864,0.0,False,unstable,squared
test,岩溶水5,,岩溶水5,岩溶水5,Transformer,LSTM,0.9864,0.0136,0.9864,0.0136,0.0,True,reproducible,squared
test,岩溶水5,,岩溶水5,岩溶水5,LSTM,TCN,0.0774,0.9226,0.0774,0.9226,0.0,False,unstable,squared
test,岩溶水5,,岩溶水5,岩溶水5,TCN,LSTM,0.9226,0.0774,0.9226,0.0774,0.0,False,trend,squared
test,岩溶水5,,岩溶水5,岩溶水5,LSTM,DynamicGatedStacking,0.0004,0.9996,0.0004,0.9996,0.0,False,unstable,squared
test,岩溶水5,,岩溶水5,岩溶水5,DynamicGatedStacking,LSTM,0.9996,0.0004,0.9996,0.0004,0.0,True,reproducible,squared
test,岩溶水5,,岩溶水5,岩溶水5,Transformer,TCN,0.7554,0.2446,0.7554,0.2446,0.0,False,trend,squared
test,岩溶水5,,岩溶水5,岩溶水5,TCN,Transformer,0.2446,0.7554,0.2446,0.7554,0.0,False,unstable,squared
test,岩溶水5,,岩溶水5,岩溶水5,Transformer,DynamicGatedStacking,0.7318,0.2682,0.7318,0.2682,0.0,False,trend,squared
test,岩溶水5,,岩溶水5,岩溶水5,DynamicGatedStacking,Transformer,0.2682,0.7318,0.2682,0.7318,0.0,False,unstable,squared
test,岩溶水5,,岩溶水5,岩溶水5,TCN,DynamicGatedStacking,0.2414,0.7586,0.2414,0.7586,0.0,False,unstable,squared
test,岩溶水5,,岩溶水5,岩溶水5,DynamicGatedStacking,TCN,0.7586,0.2414,0.7586,0.2414,0.0,False,trend,squared
test,裂隙水1,,裂隙水1,裂隙水1,LSTM,Transformer,0.0416,0.9584,0.0416,0.9584,0.0,False,unstable,squared
test,裂隙水1,,裂隙水1,裂隙水1,Transformer,LSTM,0.9584,0.0416,0.9584,0.0416,0.0,True,reproducible,squared
test,裂隙水1,,裂隙水1,裂隙水1,LSTM,TCN,0.9814,0.0186,0.9814,0.0186,0.0,True,reproducible,squared
test,裂隙水1,,裂隙水1,裂隙水1,TCN,LSTM,0.0186,0.9814,0.0186,0.9814,0.0,False,unstable,squared
test,裂隙水1,,裂隙水1,裂隙水1,LSTM,DynamicGatedStacking,0.1384,0.8616,0.1384,0.8616,0.0,False,unstable,squared
test,裂隙水1,,裂隙水1,裂隙水1,DynamicGatedStacking,LSTM,0.8616,0.1384,0.8616,0.1384,0.0,False,trend,squared
test,裂隙水1,,裂隙水1,裂隙水1,Transformer,TCN,0.9984,0.0016,0.9984,0.0016,0.0,True,reproducible,squared
test,裂隙水1,,裂隙水1,裂隙水1,TCN,Transformer,0.0016,0.9984,0.0016,0.9984,0.0,False,unstable,squared
test,裂隙水1,,裂隙水1,裂隙水1,Transformer,DynamicGatedStacking,0.9652,0.0348,0.9652,0.0348,0.0,True,reproducible,squared
test,裂隙水1,,裂隙水1,裂隙水1,DynamicGatedStacking,Transformer,0.0348,0.9652,0.0348,0.9652,0.0,False,unstable,squared
test,裂隙水1,,裂隙水1,裂隙水1,TCN,DynamicGatedStacking,0.0026,0.9974,0.0026,0.9974,0.0,False,unstable,squared
test,裂隙水1,,裂隙水1,裂隙水1,DynamicGatedStacking,TCN,0.9974,0.0026,0.9974,0.0026,0.0,True,reproducible,squared
test,裂隙水2,,裂隙水2,裂隙水2,LSTM,Transformer,0.1832,0.8168,0.1832,0.8168,0.0,False,unstable,squared
test,裂隙水2,,裂隙水2,裂隙水2,Transformer,LSTM,0.8168,0.1832,0.8168,0.1832,0.0,False,trend,squared
test,裂隙水2,,裂隙水2,裂隙水2,LSTM,TCN,0.9792,0.0208,0.9792,0.0208,0.0,True,reproducible,squared
test,裂隙水2,,裂隙水2,裂隙水2,TCN,LSTM,0.0208,0.9792,0.0208,0.9792,0.0,False,unstable,squared
test,裂隙水2,,裂隙水2,裂隙水2,LSTM,DynamicGatedStacking,0.068,0.932,0.068,0.932,0.0,False,unstable,squared
test,裂隙水2,,裂隙水2,裂隙水2,DynamicGatedStacking,LSTM,0.932,0.068,0.932,0.068,0.0,False,trend,squared
test,裂隙水2,,裂隙水2,裂隙水2,Transformer,TCN,0.9576,0.0424,0.9576,0.0424,0.0,True,reproducible,squared
test,裂隙水2,,裂隙水2,裂隙水2,TCN,Transformer,0.0424,0.9576,0.0424,0.9576,0.0,False,unstable,squared
test,裂隙水2,,裂隙水2,裂隙水2,Transformer,DynamicGatedStacking,0.4058,0.5942,0.4058,0.5942,0.0,False,unstable,squared
test,裂隙水2,,裂隙水2,裂隙水2,DynamicGatedStacking,Transformer,0.5942,0.4058,0.5942,0.4058,0.0,False,unstable,squared
test,裂隙水2,,裂隙水2,裂隙水2,TCN,DynamicGatedStacking,0.0138,0.9862,0.0138,0.9862,0.0,False,unstable,squared
test,裂隙水2,,裂隙水2,裂隙水2,DynamicGatedStacking,TCN,0.9862,0.0138,0.9862,0.0138,0.0,True,reproducible,squared
test,裂隙水3,,裂隙水3,裂隙水3,LSTM,Transformer,0.0,1.0,0.0,1.0,0.0,False,unstable,squared
test,裂隙水3,,裂隙水3,裂隙水3,Transformer,LSTM,1.0,0.0,1.0,0.0,0.0,True,reproducible,squared
test,裂隙水3,,裂隙水3,裂隙水3,LSTM,TCN,0.9304,0.0696,0.9304,0.0696,0.0,False,trend,squared
test,裂隙水3,,裂隙水3,裂隙水3,TCN,LSTM,0.0696,0.9304,0.0696,0.9304,0.0,False,unstable,squared
test,裂隙水3,,裂隙水3,裂隙水3,LSTM,DynamicGatedStacking,0.0,1.0,0.0,1.0,0.0,False,unstable,squared
test,裂隙水3,,裂隙水3,裂隙水3,DynamicGatedStacking,LSTM,1.0,0.0,1.0,0.0,0.0,True,reproducible,squared
test,裂隙水3,,裂隙水3,裂隙水3,Transformer,TCN,1.0,0.0,1.0,0.0,0.0,True,reproducible,squared
test,裂隙水3,,裂隙水3,裂隙水3,TCN,Transformer,0.0,1.0,0.0,1.0,0.0,False,unstable,squared
test,裂隙水3,,裂隙水3,裂隙水3,Transformer,DynamicGatedStacking,0.8224,0.1776,0.8224,0.1776,0.0,False,trend,squared
test,裂隙水3,,裂隙水3,裂隙水3,DynamicGatedStacking,Transformer,0.1776,0.8224,0.1776,0.8224,0.0,False,unstable,squared
test,裂隙水3,,裂隙水3,裂隙水3,TCN,DynamicGatedStacking,0.0,1.0,0.0,1.0,0.0,False,unstable,squared
test,裂隙水3,,裂隙水3,裂隙水3,DynamicGatedStacking,TCN,1.0,0.0,1.0,0.0,0.0,True,reproducible,squared
test,裂隙水4,,裂隙水4,裂隙水4,LSTM,Transformer,0.7522,0.2478,0.7522,0.2478,0.0,False,trend,squared
test,裂隙水4,,裂隙水4,裂隙水4,Transformer,LSTM,0.2478,0.7522,0.2478,0.7522,0.0,False,unstable,squared
test,裂隙水4,,裂隙水4,裂隙水4,LSTM,TCN,0.8702,0.1298,0.8702,0.1298,0.0,False,trend,squared
test,裂隙水4,,裂隙水4,裂隙水4,TCN,LSTM,0.1298,0.8702,0.1298,0.8702,0.0,False,unstable,squared
test,裂隙水4,,裂隙水4,裂隙水4,LSTM,DynamicGatedStacking,0.1914,0.8086,0.1914,0.8086,0.0,False,unstable,squared
test,裂隙水4,,裂隙水4,裂隙水4,DynamicGatedStacking,LSTM,0.8086,0.1914,0.8086,0.1914,0.0,False,trend,squared
test,裂隙水4,,裂隙水4,裂隙水4,Transformer,TCN,0.842,0.158,0.842,0.158,0.0,False,trend,squared
test,裂隙水4,,裂隙水4,裂隙水4,TCN,Transformer,0.158,0.842,0.158,0.842,0.0,False,unstable,squared
test,裂隙水4,,裂隙水4,裂隙水4,Transformer,DynamicGatedStacking,0.0002,0.9998,0.0002,0.9998,0.0,False,unstable,squared
test,裂隙水4,,裂隙水4,裂隙水4,DynamicGatedStacking,Transformer,0.9998,0.0002,0.9998,0.0002,0.0,True,reproducible,squared
test,裂隙水4,,裂隙水4,裂隙水4,TCN,DynamicGatedStacking,0.0076,0.9924,0.0076,0.9924,0.0,False,unstable,squared
test,裂隙水4,,裂隙水4,裂隙水4,DynamicGatedStacking,TCN,0.9924,0.0076,0.9924,0.0076,0.0,True,reproducible,squared
test,裂隙水5,,裂隙水5,裂隙水5,LSTM,Transformer,0.2682,0.7318,0.2682,0.7318,0.0,False,unstable,squared
test,裂隙水5,,裂隙水5,裂隙水5,Transformer,LSTM,0.7318,0.2682,0.7318,0.2682,0.0,False,trend,squared
test,裂隙水5,,裂隙水5,裂隙水5,LSTM,TCN,0.7122,0.2878,0.7122,0.2878,0.0,False,trend,squared
test,裂隙水5,,裂隙水5,裂隙水5,TCN,LSTM,0.2878,0.7122,0.2878,0.7122,0.0,False,unstable,squared
test,裂隙水5,,裂隙水5,裂隙水5,LSTM,DynamicGatedStacking,0.129,0.871,0.129,0.871,0.0,False,unstable,squared
test,裂隙水5,,裂隙水5,裂隙水5,DynamicGatedStacking,LSTM,0.871,0.129,0.871,0.129,0.0,False,trend,squared
test,裂隙水5,,裂隙水5,裂隙水5,Transformer,TCN,0.8778,0.1222,0.8778,0.1222,0.0,False,trend,squared
test,裂隙水5,,裂隙水5,裂隙水5,TCN,Transformer,0.1222,0.8778,0.1222,0.8778,0.0,False,unstable,squared
test,裂隙水5,,裂隙水5,裂隙水5,Transformer,DynamicGatedStacking,0.1744,0.8256,0.1744,0.8256,0.0,False,unstable,squared
test,裂隙水5,,裂隙水5,裂隙水5,DynamicGatedStacking,Transformer,0.8256,0.1744,0.8256,0.1744,0.0,False,trend,squared
test,裂隙水5,,裂隙水5,裂隙水5,TCN,DynamicGatedStacking,0.009,0.991,0.009,0.991,0.0,False,unstable,squared
test,裂隙水5,,裂隙水5,裂隙水5,DynamicGatedStacking,TCN,0.991,0.009,0.991,0.009,0.0,True,reproducible,squared
