split,well,seed,scenario_id,aquifer,model,loss,bootstrap_method,block_size,mean_risk,risk_q05,risk_q50,risk_q95,n_points
test,孔隙水1,,孔隙水1,孔隙水1,LSTM,squared,block,8,0.0014445083049547769,0.0007346090968913634,0.001484233241490669,0.002626954055763274,71
test,孔隙水1,,孔隙水1,孔隙水1,Transformer,squared,block,8,0.0019956421361434773,0.0010038117561457826,0.002040601135892415,0.0036317636952147648,71
test,孔隙水1,,孔隙水1,孔隙水1,TCN,squared,block,8,0.0014388773385589873,0.0009141377218391689,0.0014010583719890628,0.0022472348369867215,71
test,孔隙水1,,孔隙水1,孔隙水1,DynamicGatedStacking,squared,block,8,0.0015101891653797434,0.0007698131021263567,0.0015698455581566366,0.0027608512955811957,71
test,孔隙水2,,孔隙水2,孔隙水2,LSTM,squared,block,8,0.0018028069558559867,0.0011660999599745832,0.001796727278211775,0.002479773577986077,71
test,孔隙水2,,孔隙水2,孔隙水2,Transformer,squared,block,8,0.0015053830709853377,0.0008685939157401152,0.0014986010277564111,0.002192176366450101,71
test,孔隙水2,,孔隙水2,孔隙水2,TCN,squared,block,8,0.0023140646808278327,0.0015157715993918972,0.00226753501060023,0.0032543071956342155,71
test,孔隙水2,,孔隙水2,孔隙水2,DynamicGatedStacking,squared,block,8,0.001066920461858471,0.000726224428216912,0.0010649111069586333,0.0014200780486595904,71
test,孔隙水3,,孔隙水3,孔隙水3,LSTM,squared,block,8,0.0052477876414948315,0.0033103452658485247,0.005203654164101044,0.0073226632018405,71
test,孔隙水3,,孔隙水3,孔隙水3,Transformer,squared,block,8,0.003345373455315061,0.0021353403264813466,0.003056071196107206,0.005327868320258441,71
test,孔隙水3,,孔隙水3,孔隙水3,TCN,squared,block,8,0.007942494041445067,0.004908977359279782,0.007841788135698599,0.011308922572571788,71
test,孔隙水3,,孔隙水3,孔隙水3,DynamicGatedStacking,squared,block,8,0.0040956378183519375,0.0025597361270711665,0.004000703017578548,0.0058906791115056764,71
test,孔隙水4,,孔隙水4,孔隙水4,LSTM,squared,block,8,0.0022987952353576424,0.0010164220340972798,0.0021864325589829384,0.003936564123534682,71
test,孔隙水4,,孔隙水4,孔隙水4,Transformer,squared,block,8,0.0035021700807531006,0.0013140399377746855,0.0032868515613208287,0.006440799155366499,71
test,孔隙水4,,孔隙水4,孔隙水4,TCN,squared,block,8,0.0033001226014889185,0.0016699296378314893,0.0031695471822333994,0.005351625238457359,71
test,孔隙水4,,孔隙水4,孔隙水4,DynamicGatedStacking,squared,block,8,0.0027132137960357242,0.0010228332975937891,0.0025559821064349013,0.004896935323165403,71
test,孔隙水5,,孔隙水5,孔隙水5,LSTM,squared,block,8,0.0014148483038927302,0.0005765391848339299,0.0013701533799348755,0.0023675255688116125,71
test,孔隙水5,,孔隙水5,孔隙水5,Transformer,squared,block,8,0.00034789581403028234,0.00026279557752076094,0.00034688095418813723,0.00043753877439979766,71
test,孔隙水5,,孔隙水5,孔隙水5,TCN,squared,block,8,0.0015658545306777797,0.0010963395429641723,0.0015561913991269066,0.002074578606937294,71
test,孔隙水5,,孔隙水5,孔隙水5,DynamicGatedStacking,squared,block,8,0.0006925035945603188,0.00034122360631287733,0.0006724837510888476,0.0011079503742592461,71
test,岩溶水1,,岩溶水1,岩溶水1,LSTM,squared,block,8,0.4908320144042189,0.21464263258457675,0.46870169734115175,0.839665970714053,71
test,岩溶水1,,岩溶水1,岩溶水1,Transformer,squared,block,8,0.6107188194698124,0.3466762291735397,0.5949562652815533,0.9232430590037461,71
test,岩溶水1,,岩溶水1,岩溶水1,TCN,squared,block,8,0.7971744432349606,0.3556487552772324,0.75614629284862,1.4158581999884283,71
test,岩溶水1,,岩溶水1,岩溶水1,DynamicGatedStacking,squared,block,8,0.5377021088962846,0.23886813311257726,0.5086758429505063,0.9352625054500202,71
test,岩溶水2,,岩溶水2,岩溶水2,LSTM,squared,block,8,0.5075697849014315,0.3060938948074155,0.49424303961792726,0.7465164785374881,71
test,岩溶水2,,岩溶水2,岩溶水2,Transformer,squared,block,8,0.31603271375729064,0.21973079100319642,0.3126077233699256,0.4198130170617161,71
test,岩溶水2,,岩溶水2,岩溶水2,TCN,squared,block,8,0.6413615206932295,0.428516340351102,0.632721814237389,0.8851386469566455,71
test,岩溶水2,,岩溶水2,岩溶水2,DynamicGatedStacking,squared,block,8,0.3432256050838461,0.23095785260443838,0.3388528776194267,0.46393377284679826,71
test,岩溶水3,,岩溶水3,岩溶水3,LSTM,squared,block,8,0.10759649656481975,0.03652755345051118,0.074623783337529,0.24402648895291995,71
test,岩溶水3,,岩溶水3,岩溶水3,Transformer,squared,block,8,0.3615929102574803,0.2264641216065599,0.3490101926230782,0.5334033686442037,71
test,岩溶水3,,岩溶水3,岩溶水3,TCN,squared,block,8,0.1904140652603193,0.10020555800591285,0.16903486835072762,0.331869196747726,71
test,岩溶水3,,岩溶水3,岩溶水3,DynamicGatedStacking,squared,block,8,0.1933178838512406,0.11666961661664733,0.16414012409453826,0.33021305717242844,71
test,岩溶水4,,岩溶水4,岩溶水4,LSTM,squared,block,8,0.34071662100491756,0.24495683978480917,0.3391969761247339,0.44126503825260094,71
test,岩溶水4,,岩溶水4,岩溶水4,Transformer,squared,block,8,0.3363773908063242,0.21783683927083516,0.3350408149521065,0.46026758308077675,71
test,岩溶水4,,岩溶水4,岩溶水4,TCN,squared,block,8,0.3934278867711087,0.304668201833624,0.39125406075692426,0.48587284313423135,71
test,岩溶水4,,岩溶水4,岩溶水4,DynamicGatedStacking,squared,block,8,0.28610269194455795,0.18289557932711167,0.28301534246366383,0.39822040921576213,71
test,岩溶水5,,岩溶水5,岩溶水5,LSTM,squared,block,8,0.09834238651322068,0.0643415831817028,0.09689419309036111,0.13781338237469493,71
test,岩溶水5,,岩溶水5,岩溶水5,Transformer,squared,block,8,0.0802377946809989,0.05251715335393042,0.07917879554299428,0.11172704201089793,71
test,岩溶水5,,岩溶水5,岩溶水5,TCN,squared,block,8,0.08817154673537252,0.04962066298177042,0.08617149130806852,0.13524437164864717,71
test,岩溶水5,,岩溶水5,岩溶水5,DynamicGatedStacking,squared,block,8,0.08296097533624781,0.051534480245041966,0.08139913826242678,0.11969198462343897,71
test,裂隙水1,,裂隙水1,裂隙水1,LSTM,squared,block,8,0.1461980894025219,0.1052122480137365,0.14500127977723187,0.1911974587867522,71
test,裂隙水1,,裂隙水1,裂隙水1,Transformer,squared,block,8,0.12302947543473765,0.07875786764328588,0.12204355564823985,0.1712425955175459,71
test,裂隙水1,,裂隙水1,裂隙水1,TCN,squared,block,8,0.21078000573912323,0.14049676033597394,0.20988520346345668,0.2839803593525,71
test,裂隙水1,,裂隙水1,裂隙水1,DynamicGatedStacking,squared,block,8,0.13625230617532308,0.09414838500424927,0.13493442967965674,0.18248988625382656,71
test,裂隙水2,,裂隙水2,裂隙水2,LSTM,squared,block,8,0.03817267356929246,0.019932259092943095,0.037414381178919084,0.05880282319986415,71
test,裂隙水2,,裂隙水2,裂隙水2,Transformer,squared,block,8,0.03325684771242481,0.011283444567782193,0.0316569448476596,0.060516832929674615,71
test,裂隙水2,,裂隙水2,裂隙水2,TCN,squared,block,8,0.053328026950818536,0.03870356059279396,0.053027171369619014,0.06873007805189622,71
test,裂隙水2,,裂隙水2,裂隙水2,DynamicGatedStacking,squared,block,8,0.03251514256552152,0.012748315216285205,0.03124758066517361,0.05683155808222846,71
test,裂隙水3,,裂隙水3,裂隙水3,LSTM,squared,block,8,0.009020855425042704,0.006770692454162558,0.008875526889126233,0.011675684540296927,71
test,裂隙水3,,裂隙水3,裂隙水3,Transformer,squared,block,8,0.00444435934841741,0.0028950137443753444,0.0043663312333820144,0.006234215230305122,71
test,裂隙水3,,裂隙水3,裂隙水3,TCN,squared,block,8,0.011835723504222045,0.00883365488366174,0.011756842475469532,0.015102892034669406,71
test,裂隙水3,,裂隙水3,裂隙水3,DynamicGatedStacking,squared,block,8,0.0048506472504622035,0.0035434273370069796,0.0048254831143924575,0.006216622800479436,71
test,裂隙水4,,裂隙水4,裂隙水4,LSTM,squared,block,8,0.003389708699072959,0.002308544682854066,0.0033651173350082294,0.004501690838146793,71
test,裂隙水4,,裂隙水4,裂隙水4,Transformer,squared,block,8,0.0035821235194439796,0.002468022520882006,0.0035598863044170436,0.00475252307971945,71
test,裂隙水4,,裂隙水4,裂隙水4,TCN,squared,block,8,0.003988316378678271,0.0028328877940893187,0.003962646456727479,0.005211676228862358,71
test,裂隙水4,,裂隙水4,裂隙水4,DynamicGatedStacking,squared,block,8,0.003144642075925666,0.0021309480756317783,0.0031339200588523432,0.004192751924447856,71
test,裂隙水5,,裂隙水5,裂隙水5,LSTM,squared,block,8,0.006314306413047585,0.0038328188740250125,0.006186629193804732,0.00923512704349873,71
test,裂隙水5,,裂隙水5,裂隙水5,Transformer,squared,block,8,0.0049982997157961475,0.0029967712138980404,0.0048819884259083,0.007404100383644638,71
test,裂隙水5,,裂隙水5,裂隙水5,TCN,squared,block,8,0.007088941005886993,0.004823629817288498,0.0069255340437091705,0.009878122240357707,71
test,裂隙水5,,裂隙水5,裂隙水5,DynamicGatedStacking,squared,block,8,0.004365294576511936,0.0026057055792189196,0.00428270739215699,0.0064277814327933025,71
